email,full_name,room_number,details
michaelphillips@hotmail.com,Peter Tran,L123,Strong service candidate billion us position attack cut.
christine87@yahoo.com,Regina Jones DDS,N218,Any economic surface over career then instead already once.
maria46@gmail.com,Sandra Townsend,X415,Event Congress have field rich yes rule herself manager.
potterjohnny@hotmail.com,Tyler Hooper,Z421,Building know lawyer yard cultural friend word attack.
jennymoore@gmail.com,Sarah Vasquez,M111,Month heart near anyone against base share mention responsibility which.
kaylawhite@gmail.com,Christine Lewis,P214,Focus organization suffer his company.
mklein@gmail.com,Mary Baker,Z516,Lose have around bag chair statement project science generation.
uanderson@gmail.com,Jeffrey Briggs,C600,After fish body speak impact hear.
nelsonwilliam@yahoo.com,Nathan Anderson,W419,His politics account officer popular computer win.
whitechad@yahoo.com,Jacqueline Welch,R208,To store race phone hard Democrat.
lperez@yahoo.com,Julia Adams,N116,Western person sell leave choice get they.
eblack@yahoo.com,Zachary Hampton,P100,Court else line list way analysis do piece.
burtonapril@yahoo.com,Janet Klein,E125,Can television today rise else.
johnreed@hotmail.com,Jesse Hernandez,L306,Partner majority miss most everything order issue upon.
nealloretta@hotmail.com,Daniel Saunders,N117,Land season stop travel use answer employee.
lisa33@yahoo.com,Wanda Conrad MD,N602,Study outside age operation much but better likely.
brandon31@gmail.com,Carla Drake,S406,Strong subject war today laugh former research.
piercegregory@hotmail.com,Alicia Garcia,C322,Page question over line large skill officer continue.
tamara79@hotmail.com,Peter Lopez,I201,Middle spend grow father issue according would.
lisa97@hotmail.com,Wayne Smith,A219,Grow research argue garden reach.
steve31@hotmail.com,Cynthia Miller,W116,Poor key until blood.
tiffanyalexander@gmail.com,Michael Anderson,G221,Candidate read amount compare offer believe probably another.
zgray@gmail.com,Hannah Melton,N221,Century once government respond common read.
longchristopher@hotmail.com,Maria Hanson,M611,Become impact little my maybe police who view mention.
kenneth52@gmail.com,Jaclyn Gonzalez,O416,Task national Mrs picture new stock music drug.
llong@hotmail.com,Robert Carter,I420,Skin stay factor work big window TV.
boydmichelle@gmail.com,William Howard,S512,Forward eat suddenly reality note early and hope stop.
dalton61@hotmail.com,Thomas Doyle,F623,Garden yard commercial road whether character run accept story themselves.
jennifergriffith@gmail.com,Timothy Graham,U321,Movie moment official item week often surface.
kevinmendez@hotmail.com,Yolanda Carter,B417,Generation weight season accept health computer.
ashleysmith@hotmail.com,Brianna Hernandez,H425,Experience main mention drug right player property become accept seven.
opennington@hotmail.com,Megan Lee,D609,There detail past century music clear government dark.
elizabethbaker@gmail.com,Matthew Scott,S608,Easy student cause own range far successful certainly.
jessicamoore@hotmail.com,Sherri Boyd,N412,Describe he on political kind catch different begin her.
loganmccoy@gmail.com,Jeff Lynch,C117,Build do compare development soldier continue herself event security.
cynthiacameron@hotmail.com,Martha Moore,J102,Along information beautiful generation former the next light chance.
amywilliams@yahoo.com,Stacy Garrett,E302,Real attention call defense low.
kesparza@yahoo.com,Mrs. Gail Jackson,A304,Center long stuff wind available reason.
morrisjohn@gmail.com,Alejandra Wood,P618,Hundred Democrat phone surface around fill street new.
robertjohnson@gmail.com,Mr. Thomas Oconnor,R515,Family stop speak pull skill some.
tyler62@yahoo.com,Jennifer Higgins,Z608,Sound boy religious new officer notice.
jspencer@yahoo.com,Michael Heath,F624,Music detail expert information leg red its.
katrinalewis@gmail.com,Thomas Washington,M417,Always whatever woman once community yourself second large growth everything.
sharon63@yahoo.com,Thomas Stewart,X212,Kitchen cup form fire heart.
gedwards@hotmail.com,Charles Nguyen,F504,Discussion she eight trade event education.
mmoss@gmail.com,Jessica Wilson,O400,North give tonight plant save.
philipwest@yahoo.com,Megan Anderson,C613,Something teach ability option tonight federal rock.
franceswright@gmail.com,Sarah Mills,Q621,Media scene pass expect different when different site.
rebeccagoodwin@hotmail.com,Charlotte Sanford,C122,Machine never free response rich become share mouth remain relationship.
perryashley@gmail.com,Frank Trujillo,Q116,Hard dream size soldier lay open.
cindy15@yahoo.com,Lori Wilson,H111,Between policy create goal trade computer beat movie attention natural.
tonya62@hotmail.com,Sharon White,L315,Accept himself sound wide institution someone education soon news choose.
jamesnunez@yahoo.com,Brian Anderson,E508,Buy through project head save almost write.
mccormickmichelle@yahoo.com,Nathan Harrison,A522,Society cut goal century group investment.
greendavid@gmail.com,Denise Hall,L625,Key cut along who lose member yourself white.
smills@hotmail.com,Emily Williamson,D225,Have idea cost among clearly recent clear.
isaac70@hotmail.com,Christopher Bishop,A101,Else film type walk detail above statement.
rramirez@gmail.com,Erin Russell,X417,Yes raise weight weight industry where.
connieschmidt@yahoo.com,Cynthia Hines,I221,Serious yes admit plant federal.
brian93@yahoo.com,Mackenzie Garcia,Q213,Most administration beyond guess street.
josephmartinez@gmail.com,James Smith,H509,Hit feeling fly reflect day candidate price.
eparker@gmail.com,Luke Evans,S423,Try leader scene thought scientist practice feeling hair around doctor.
joneswhitney@hotmail.com,Ronald Smith,A616,Billion month side president full.
sarah29@yahoo.com,Jennifer Maldonado,P320,Health newspaper look let.
ngarcia@hotmail.com,Clayton Carrillo,W107,Word difficult remain city physical sign training image.
zcampbell@gmail.com,James Haley,E112,Certainly home save toward different else know glass.
wcompton@gmail.com,Jose Evans,D401,Amount heavy over thousand avoid serve pull.
gjohnston@gmail.com,Kristen Johnson,A210,Good push these carry.
john96@yahoo.com,Patrick Smith,L207,Join leg set tough protect discover assume close those.
shannon17@yahoo.com,Nicole Mcclain,S320,Strong cost myself dinner rather message.
eleonard@yahoo.com,Justin Glass,Z513,Statement individual statement near deep development else.
xbeard@yahoo.com,Brenda Duncan,B623,Want memory number subject fine full development seat return.
victorrocha@gmail.com,Terry Miles,B416,Fine inside quality play wonder lot take behind.
gjacobs@gmail.com,Ashley Nguyen,Z209,Well boy lot improve quite well.
hintonbrandon@yahoo.com,Hector Cherry,M518,Be art whatever product maybe trial.
theresamejia@gmail.com,Christopher Gomez,R509,Administration first health thus true any nearly lead lawyer.
jedwards@hotmail.com,Samuel Henry,E219,Official wall financial officer research study practice assume PM theory.
xking@hotmail.com,John Henson,W218,Both such morning like history.
lori72@gmail.com,Connie Mitchell,F422,Matter network natural network rather outside writer animal available.
rschneider@yahoo.com,Joan Marshall,A407,Kind general democratic list seat man instead position research get share.
robbinsscott@hotmail.com,Lisa Warner,L322,Appear employee stay statement position cost improve under like involve.
bonnie58@hotmail.com,Mary Harper,O122,Let read threat edge number bad face support of street.
jmelton@yahoo.com,Jeffery Lewis,K202,Trouble daughter expect respond career happy skin.
harrissandra@hotmail.com,Elizabeth Perez,P523,Energy final political those note black contain of out before.
henryalisha@hotmail.com,Jason Cobb,I200,Finish hot instead space story new apply direction.
storres@gmail.com,Michael Perez,W521,Energy level usually series reduce a find.
rachelcompton@gmail.com,Jorge Sparks,S114,Field structure wrong way customer.
newtonbarbara@yahoo.com,Natalie Baker,O424,Prepare exactly indeed college if.
brandi27@yahoo.com,Christopher Taylor,Q509,Mrs daughter effort likely our college politics course.
robert87@yahoo.com,Julia Garcia,I414,Hospital page summer ten will standard relate stand well money.
castillorichard@gmail.com,Christopher Johnson,E322,Audience with like either Democrat writer teacher situation walk.
powelllarry@gmail.com,Laura Perez,K410,Test standard half class old again risk.
samanthaturner@hotmail.com,Chad Stevens,F115,Hit teacher anyone consumer project system individual sport best south.
aliciapowers@gmail.com,James Ramirez,Z402,Hard whatever born someone blue simple behind.
youngrichard@hotmail.com,Jeff King,F617,Model peace boy focus I morning now week.
sheltonmargaret@gmail.com,Sean Lindsey,K424,Economic right get table positive us.
wallbrian@yahoo.com,Michael Pearson,V523,Push turn occur church matter really threat live.
gjohnson@yahoo.com,Mr. Malik Hardy DDS,J623,Never husband kid avoid ask.
rfrost@gmail.com,Tammy Miller,H410,Respond meeting that end miss month decide help.
ypham@yahoo.com,Darlene Espinoza,W505,End at low son size cost.
oadams@gmail.com,Susan Thomas,W125,Stuff decision surface may rate.
scottmurphy@yahoo.com,Bridget Downs,Y223,Fight policy financial simply another professor cultural white.
davidsanchez@hotmail.com,Andrew Jackson,S118,Traditional glass agreement sister into large scientist.
sydneylopez@yahoo.com,Kristen Taylor,I123,Wait wrong year drive away speech.
jenna37@yahoo.com,Lindsey Hernandez,L124,True direction never follow opportunity everybody.
qhansen@hotmail.com,Jonathan Ballard,O603,Those between onto hear someone former able create official.
nichole83@hotmail.com,Lauren Rivera,N611,Produce conference want prove second marriage.
mark40@yahoo.com,Bonnie Allison,I224,Consider collection mean side out open measure.
goodwinamanda@gmail.com,Stephanie Garcia,E602,Reduce style wish someone building start how.
jenningsashley@hotmail.com,Taylor Abbott,D115,White piece benefit allow learn court.
barryleslie@gmail.com,Ryan Gentry,Y415,Others process right result owner.
hollandanthony@hotmail.com,Alexis Gallagher,P424,Prevent stage west ready sea president worry true collection general.
robinsonjoshua@hotmail.com,Bobby Weaver,I411,Subject respond be tough recognize class whom drug range serious.
lboyd@gmail.com,Connor Martin,F422,Summer attention consumer Democrat fight fast.
diamond11@hotmail.com,Kim Phillips,N102,Clear night manager yet break speech speech let a one.
roachlindsay@hotmail.com,Sharon Thompson,T219,Course professional last voice possible.
gcummings@hotmail.com,Roger Hess,A509,Democrat seven left seek data cold late property cultural.
uhanson@gmail.com,Meredith Bell,F416,Skin itself song energy south.
vanessakim@gmail.com,Jessica Morris,S605,Day by mention pay close the bit letter.
sdaniels@gmail.com,Jacob Bennett,S413,Real sound pattern economic.
johnrobles@hotmail.com,Glenn Hernandez,G125,Stop message international town make after thousand here indeed.
pamelaguerra@hotmail.com,Jennifer Wells,S519,Their movie half rule but film city take own.
onorris@yahoo.com,Stuart Stone,L519,Everything trouble style build cover speak.
zpeterson@hotmail.com,Jonathon Johnson,T621,Technology reveal should trial site back.
julie67@gmail.com,David Mosley,F212,Forget at television grow each him north.
jennifer89@gmail.com,Margaret Maynard,P514,Second page force available side president range.
aclark@gmail.com,William Martin,W522,Contain cost total officer truth fine.
janet37@hotmail.com,Karina Pratt,V500,Development data despite after painting full possible especially middle election.
swise@yahoo.com,Thomas Leon,S420,Who look price make goal provide others white thank reveal.
ewilkins@gmail.com,Paul Lewis,M601,Represent true Democrat father answer.
deborah62@yahoo.com,Brenda Finley,Z315,Ok catch four away dinner newspaper move box.
webbglenn@hotmail.com,Hannah Mejia,C225,Soldier hold sign later international somebody nation every.
diana98@yahoo.com,Larry Porter,Y109,Great training few develop remember Republican professional about receive arrive.
bobby17@gmail.com,Daniel Martinez,L515,Rest grow his certain finish.
coxlawrence@yahoo.com,Jorge Hamilton,R308,Forward hand image pay gas no wear oil assume until.
bryan07@yahoo.com,Brian Barry,E320,Job food thank capital beyond film.
cwallace@hotmail.com,Matthew Cruz,C406,Process factor number plan already star.
webbtravis@yahoo.com,Kevin Krause,H606,Likely white deal some listen magazine.
mfisher@hotmail.com,Emily Roberts,Z209,Each bag same worry model.
williamcook@gmail.com,Jamie Vargas,U605,As eight out their tax use hard there loss nice.
michael91@gmail.com,Heather Vazquez,P407,Reflect director campaign foot walk property something very fill.
nathanpeterson@yahoo.com,Robert Cox,Y124,Bit lead our smile scientist mind trip indeed entire agreement prevent.
jeffery81@gmail.com,Jerry Wood,A525,Other behavior whatever decide control remember around gun.
charris@gmail.com,Jason Rocha,D124,Situation shake cup central especially.
castrobrandon@yahoo.com,Michele Cruz,V211,Person small he blood plan team way old cold computer court.
ureeves@yahoo.com,Emily Young,W507,Consider their common direction road have.
martinjoseph@gmail.com,Alicia Morrison,X325,Run up business century because.
morseerin@hotmail.com,Kathryn Sanders,O620,Argue discover stay nice now offer study data manager.
diazjames@yahoo.com,Robert Mckinney,O421,Stuff movie enter well difficult technology production while similar.
zdominguez@yahoo.com,Tanya Romero DDS,T525,Onto positive adult student town later especially hold television describe.
bishoppatrick@hotmail.com,Danielle Gay,D224,Hear deal star skin mother.
denise00@hotmail.com,Marcus Reed,H513,Almost doctor ball appear situation book.
muellerdavid@yahoo.com,Michael Randall,J204,No benefit doctor sister everybody apply against game new his to.
brittany44@yahoo.com,Joy Peterson,K523,Respond tax produce financial.
nicolewood@hotmail.com,Jeffrey Hebert,M521,Never area different push against once many.
burkejulian@gmail.com,Christopher Bell,P522,Often keep ago pay herself fact.
lydiaperez@gmail.com,Desiree Smith,S309,Service play kitchen peace no cost increase bed moment.
briannapierce@hotmail.com,Larry Morris,S604,Girl field tax modern strong.
jeffrey15@yahoo.com,Dennis Hernandez,L306,Data and but set push Mr.
joshuastevens@yahoo.com,Sherry Crosby,Z502,Look development improve act at behind.
luisjarvis@hotmail.com,Aaron Barnett,G115,Laugh once common girl work television analysis character end concern.
harrisonnicole@hotmail.com,Ashley Sanders,E415,Already rich by church choose because Mrs travel surface.
jason85@hotmail.com,Kendra Wilson,C224,Clearly song prepare fast consider catch record.
kellyamy@hotmail.com,Alan Hall,U500,Time for learn campaign north.
rodney71@yahoo.com,Anthony Bennett,R105,Cut over herself increase author not last seek usually grow.
alex49@hotmail.com,Alan Montgomery,J119,National black difference right down job national represent another realize.
yrodriguez@yahoo.com,Sara Nguyen,T622,Seven think age in.
bakercarl@hotmail.com,Dr. Brandon Peterson DVM,R613,Raise tend international record from worry water.
brandoncardenas@gmail.com,John Lawrence,A601,Off market source deal thus hour Congress TV bit adult.
marybailey@hotmail.com,Emily Bradley,X308,All tough would picture identify remember need already.
yroth@gmail.com,Timothy Barker,Q311,Almost board near technology fund evidence he team.
patricia92@yahoo.com,Jason Snyder,X109,Behind simply chair still move.
john03@hotmail.com,Gina Cameron,P625,Nor large technology parent wind wind kid beyond any.
joseph14@hotmail.com,Joshua Cunningham,N603,Light board cultural democratic community use wife continue teacher.
zreyes@yahoo.com,Patricia Jackson,J522,West science race air hope actually coach.
rebeccafrench@gmail.com,William Leonard,Z100,Side join left plan four shake.
paige10@gmail.com,Courtney Savage,R110,Thus its up above billion standard street collection cell popular.
tsmith@hotmail.com,Chad Roberts,I225,Could sort daughter rich evening.
wilsonjillian@hotmail.com,Andre Watkins,Y509,Tough seat establish seat artist.
jconway@hotmail.com,Denise Gomez,V111,Country need night finish.
crodriguez@yahoo.com,Samantha Martinez,C110,Thank dog possible open price area.
benjaminfritz@yahoo.com,Gregory Stephenson,V224,Himself paper field really none whatever hotel customer human.
bryanshah@gmail.com,Alyssa Huang,F205,Media wait sister role short size create break open investment number.
rschwartz@gmail.com,Michael Reyes,X416,Major energy would animal group join memory.
david60@gmail.com,Donald Reed,R509,Follow leg push save eight task entire sense trade name.
fclark@gmail.com,Diane Torres,I325,Smile find unit as cut.
matthew80@hotmail.com,Dr. Terri Holmes MD,D418,Spend red response win happy candidate general everybody traditional.
robertschmitt@yahoo.com,Kelly Williams,A223,Address job child west tree.
margaret82@gmail.com,Jessica Murray,E609,Section tax many which call fact approach.
morganalexander@yahoo.com,Levi Wilson DDS,B607,Moment without expert these pick your employee.
cliffordcruz@hotmail.com,Lindsey Smith,J312,Baby face or military sound know he.
egregory@hotmail.com,Nathan Lopez,W310,Carry church heart sing rule green partner consumer account.
timothyward@yahoo.com,Stanley Williams,X606,Defense country before because far natural order.
waltonleonard@yahoo.com,Marie Vincent,U304,Top according audience assume step buy staff.
mitchelldrew@yahoo.com,Randall May,A308,Range show money trade single clear prevent you.
ureese@hotmail.com,Paige Johnson,A505,Marriage she trouble case at middle process.
dgreen@gmail.com,Nicholas Moore,Z510,Interesting pass mean time focus fund indicate mean.
michelefreeman@gmail.com,Mary Howard,T616,Remain others fill to call.
tyler13@yahoo.com,James Rodriguez,K102,Less above nation mention affect up country quite glass try.
nicholasclark@gmail.com,Teresa Estes,R217,Learn type threat be everybody.
brandijones@gmail.com,Kaitlyn Ramos,G408,Century issue late keep.
torrestimothy@yahoo.com,Stephanie Brown,P210,Call hotel need energy can.
laurenwalker@gmail.com,Erika Tapia,H524,Sometimes Mr catch read whom response visit.
gutierrezamy@hotmail.com,Jasmine Green,F402,Question accept stop lot compare red some if.
dawngoodman@yahoo.com,Joseph Jones,I406,Sort environment top local nor good bar read listen same.
cortezryan@hotmail.com,Jennifer Forbes,S103,Anything hard into seem dinner company water service.
davidwright@gmail.com,Jessica Morgan,F125,In computer catch out Mr grow practice your push.
ehill@gmail.com,Nathan Dudley,M410,American such we home total have interest seek.
arthurdiaz@yahoo.com,Kellie Stuart,L125,One new method they rule.
melissa50@yahoo.com,Cynthia Wright,S314,Police little or level lot us writer direction or election fact.
heatherking@hotmail.com,Bethany Wright,F311,Example subject role arrive such people reality rest politics.
lisa72@yahoo.com,Alexandria Gonzalez,V208,Head weight hot difficult tree form.
christopherhill@yahoo.com,Shelia Johnson,V624,Argue thousand sometimes figure only.
terri15@yahoo.com,Jonathon Reese,Z412,Director hot professional travel ever can forget.
jasmineramirez@yahoo.com,Melinda Hughes,E307,Door tax go rule answer win.
wcolon@hotmail.com,Ms. Briana Stanley,X125,She it final thought black.
marshallstanley@yahoo.com,William Adkins,J406,Someone rather product meeting race response data trouble wife.
johnsonsharon@hotmail.com,Julia Lee,G108,Design present defense it use around to.
sburke@yahoo.com,Gregory Bonilla,W618,Man if drive brother environment decade approach read.
tiffany15@yahoo.com,Kathryn Cabrera,P507,Great happy doctor table early.
kara15@gmail.com,Joseph Smith,Z200,Nature probably no none learn blood.
daniellegarcia@gmail.com,Jessica Scott,P101,Hope necessary measure fill become high.
melinda95@gmail.com,Annette Morrow,W311,Section end believe meet wife even administration sure stuff.
raymondkayla@hotmail.com,Brittany Reeves,W314,Structure significant civil two go effort experience trial.
ssmith@yahoo.com,Lisa Lee,P422,Behind hold look candidate response buy party bed.
ymartin@gmail.com,Katherine Kramer,G125,Collection look education successful energy ground scientist reason free.
mbarry@gmail.com,Valerie Hill,G604,Move light answer difference health great discover idea.
phorne@yahoo.com,Michael Smith,G213,Team senior tonight hotel reach much television.
pthomas@gmail.com,Jacob Cochran,X219,Main live put woman few nor oil tonight.
zperez@gmail.com,James Lewis,X124,Page million wear follow sometimes.
williesantiago@gmail.com,Bernard Hays,X422,Policy model campaign general middle much civil.
welchkelly@gmail.com,Dr. Daniel Sosa,U624,Tv first full strategy plan ever.
lisa88@yahoo.com,Julia Payne,W317,Property guy matter she little.
jamesadams@hotmail.com,Dr. Nicholas Adams,A425,Financial low city threat line education least require similar.
amanda97@hotmail.com,Wendy Cook,N318,Think power free hospital similar else.
ellisdaniel@gmail.com,Sarah Petty,T310,Newspaper special despite at finish big subject very feel capital.
michaelsolomon@gmail.com,Kelly Moore,K618,Street production officer raise whatever face evidence hope others loss.
jennifer98@yahoo.com,Stephen Fisher DVM,D408,Eat break consider movement traditional study space note method role.
woodelizabeth@gmail.com,Angela James,H117,Sound history write order listen society place raise organization physical.
scottcharles@yahoo.com,Kristin Peterson,I502,Energy president find agreement throw.
jerrywebb@gmail.com,Antonio Griffin,K624,Month wish avoid or a school well must similar beyond.
hthomas@yahoo.com,Tiffany Sutton,K504,Mean state effort drive Democrat person.
elizabeth03@gmail.com,Kimberly Summers,P322,Opportunity price first animal.
kurt78@yahoo.com,Andrew Brown,U523,Environment evening training may reflect office exist administration.
robertsonmichael@gmail.com,Theresa Roman,T316,Central team hour success all after.
xberry@gmail.com,Sarah Ballard,P121,Save successful from move painting out special one want office out.
qmiller@gmail.com,Toni Scott,I512,Team total plan pretty very central at.
kathycasey@yahoo.com,Mr. Patrick Molina,D114,Western whom big season appear.
harrisamanda@hotmail.com,Kimberly Mcgee,H512,Manager act if myself experience carry executive human catch.
whiteeric@yahoo.com,Jennifer Jackson,F425,Million street happen case employee care student.
foxbailey@hotmail.com,Jamie Graham,Z500,Hear respond some tough board court weight factor door society concern.
ashleyballard@yahoo.com,Kyle Lyons,G116,Subject real second hope manage.
benjamin55@hotmail.com,Christina Palmer,G108,Investment low magazine civil message theory need.
stephenkelley@gmail.com,Henry Bridges,S521,Peace your across feeling memory edge million past decision.
smiththomas@hotmail.com,Amanda Bennett,X505,Should create southern pass local writer bad.
arielmunoz@yahoo.com,Monica Wilkins,W104,Involve season four difficult still interesting imagine.
allendevin@yahoo.com,Christopher Robinson,T106,Skin feel control within how everybody first foreign.
gmurphy@hotmail.com,Dawn Patel,U517,Difficult kitchen hour reveal reach those.
bushgregory@hotmail.com,Nathan Harris,N225,Society six with born power law already TV.
yrichardson@gmail.com,Matthew Hardin PhD,X115,Measure state street opportunity buy method.
amber06@gmail.com,Amanda Holmes,K606,Consider protect impact miss amount.
emilymedina@hotmail.com,Kimberly Freeman,H412,Tend receive character itself second.
smithjessica@gmail.com,Rachel Sanchez,P602,Government event prevent anything candidate.
sydneyibarra@gmail.com,Kenneth Allen,O201,Include class western second ok sea nor work cut prove.
shirley68@hotmail.com,Andre Yang,O109,Talk opportunity military total dog their phone participant election.
jaredmiller@gmail.com,Alexis Weeks,I215,Young rise likely she voice.
martinpearson@gmail.com,Kirk Villa,D610,Part affect dream know industry in past.
foxcassandra@yahoo.com,Andrew Giles,Q108,Grow heavy compare policy a man environment church.
garciaphyllis@yahoo.com,Kim Perry,L606,Fill manage actually record teacher head president.
chasemary@yahoo.com,Frank Baker,V110,Sister over lose leader resource.
robertsonchristy@yahoo.com,Jennifer Skinner,U521,Despite natural large site house pay behind concern.
nlyons@yahoo.com,Stephanie Blair,G611,Town rather open quickly natural.
jonathanfleming@gmail.com,Shawn Cook,K402,Line respond occur agency within region serious story claim.
jtran@yahoo.com,Stephanie Potter,J604,Ever series woman heavy maintain laugh.
millsnancy@hotmail.com,Timothy Cervantes,Z202,Woman low ready deal own discussion popular create future.
williamsjennifer@yahoo.com,Danielle Bryant,G511,Consumer clearly professional appear pretty difficult project.
christophersmith@gmail.com,Robert May,V118,Pull each with others court bill fall edge.
moralespeter@gmail.com,Melinda Wright,Q603,Response probably former fire become third man answer note suggest.
rayrichard@gmail.com,Tyler Clark,L622,Set control expect might explain seven pay allow officer debate college.
benjamin23@hotmail.com,Kevin Tran,K101,Seek south myself see try matter behind she relationship education many.
rmarquez@gmail.com,Dawn Jackson,D104,Until commercial country you carry much.
megan14@gmail.com,Andrew Barton,D618,Across tend east various road wear rest movie.
williamramirez@hotmail.com,Elizabeth Richardson,M602,Green fine sing on order carry indeed board.
bthomas@yahoo.com,Tommy White,L116,Serve land sure personal rich community account.
haroldspence@yahoo.com,David Wright,V104,World sound purpose help sing move approach computer career benefit.
lisagardner@yahoo.com,Steven Ross,H504,Common along small air staff thousand.
qrogers@hotmail.com,Kevin Washington,K208,Teacher meeting story medical clearly stand military worry feel.
castrorachel@hotmail.com,Jonathon Smith,U413,Western discussion weight toward send hospital concern.
smithamy@gmail.com,Amanda Casey,V124,Draw night her low professional police.
vmiller@gmail.com,Tricia Edwards,A310,Me expert between realize.
qhahn@yahoo.com,Joshua Little,P224,Station local management tonight certain act economic.
sarasmith@yahoo.com,Jasmine Mccann,D424,Source push ask eye say hair window officer language.
george59@gmail.com,Tanya Dunn,A109,Maybe pick anything tend development catch although PM from.
sandersmichelle@yahoo.com,Jessica Jones,Z617,Tax agency paper fall strategy.
michael90@hotmail.com,Scott Combs,Q110,News pull defense summer Mrs occur person rich hear focus.
crystalmccullough@yahoo.com,Emma Rhodes,B315,Very night off staff bed.
tlamb@yahoo.com,Brent Bush,I608,Someone customer north when until former stage west recognize until.
bfisher@gmail.com,Amber Lawson,V503,Likely chance suffer hold people most despite price science line.
zgarcia@gmail.com,Brenda Hart,R211,There most year yourself today now.
jmontoya@hotmail.com,Diana Collins,Q115,Power machine drug you with approach television billion.
justinjenkins@yahoo.com,Jonathan Levy,B607,Success less care collection finally law general fly that indicate.
kathleenjones@gmail.com,Robin Andrade,D118,Recently fish upon surface different possible.
perezamber@gmail.com,Heidi Patel,K207,Finally different stay cold continue someone age of similar.
meaganherrera@yahoo.com,Laura Lewis,V304,Money improve maintain public section.
uwilson@hotmail.com,Savannah Massey,V514,Loss door those expert true probably some.
mcdonaldbilly@gmail.com,Cynthia Bush,U301,Front career stay herself too push keep religious.
brittany07@yahoo.com,Michael Carter,H407,Degree focus require second shake answer at week fund.
shannon35@hotmail.com,Megan Moore,S314,Standard wrong challenge few manager.
frenchlisa@yahoo.com,Monica Knight,V504,Year contain human scene wind road although total.
daniel78@hotmail.com,Katie Burton,Z321,Bring remain series look movement act.
kevin55@hotmail.com,Debra Baker,R212,Compare away director son throughout of not tax security wall.
emily55@hotmail.com,Joshua Robertson,J520,Financial population rock could medical trial show strategy even.
leefernandez@yahoo.com,Luis Mclaughlin,N613,Yourself side light kid see carry event hit material effect.
matthew53@yahoo.com,Daniel Jacobs,K313,West he nothing affect south five pattern at.
katherine04@hotmail.com,James Santiago,E407,Plant after each control author across responsibility section later marriage.
xlindsey@yahoo.com,Christopher Carey,A310,Class star deal collection consumer service market girl building.
greerstanley@yahoo.com,Renee Ward,O404,Despite discussion become data wind within.
erinwilliams@yahoo.com,Mr. Nicholas Odonnell,S600,Production end activity top together artist eye within instead.
ianlloyd@hotmail.com,Joseph Mccoy,Q316,Sometimes heart pattern painting piece anyone because clear tree born.
osbornetracy@hotmail.com,Michael Williamson,V409,Try usually left body school prove anyone cost lawyer door.
timhansen@gmail.com,John Gonzalez,R422,Break former whose group seem carry early almost pull.
smiththomas@gmail.com,Katherine York,F425,When main drive today as.
tbaker@hotmail.com,Daniel Mitchell,M301,Ok management western college teacher why mention mean operation ahead campaign.
mhill@yahoo.com,Kimberly Williams,D125,Thing threat movie he physical.
tmartinez@hotmail.com,Sean Wilson DDS,Z111,During study draw cup meet debate fire next again able property.
lyonsmichael@yahoo.com,Kristen Romero,L620,Market whose as herself country morning.
david26@yahoo.com,Christopher Campos,Y504,Main student increase its turn level PM.
ahart@yahoo.com,Shane Vasquez,O618,Reflect order right you purpose film interest true behind whatever.
stephaniekim@gmail.com,April Brown,F313,Much fine discussion write clear try side learn movie.
loganjanice@gmail.com,Steven Rodgers,R209,Foot attention allow might record pressure kind.
jill92@gmail.com,David Crane,H323,President upon majority door performance answer.
driley@hotmail.com,Willie Brown,C214,Western attorney manage feeling maintain road.
dana66@hotmail.com,Eric Harrington,X501,Threat prevent sell carry others page.
xbrown@yahoo.com,Elizabeth Cortez,Q214,Religious start carry firm medical price purpose spend thing.
michaelgibbs@yahoo.com,Yvonne Davenport,L412,Think they success your organization cultural.
william16@gmail.com,Gabrielle Moore,P603,Explain than president bank research discover summer.
jason66@hotmail.com,Kathleen Green,A206,Seek size home put quickly professor.
krista12@yahoo.com,James Fuller,I307,Experience standard really huge rule performance.
feliciajones@yahoo.com,Morgan Stanley,J619,Admit administration yet some interesting popular president reveal.
qwyatt@yahoo.com,George Cantu,C216,Card mention use wish wind never indicate wear lay west.
susan96@gmail.com,Timothy Smith,S611,So impact common here capital speak beyond enjoy hand decade Republican.
moralesjoseph@hotmail.com,Zachary Williams,D114,Sell deep both build dream simply everyone operation capital according.
cobbbrianna@yahoo.com,Virginia Moreno,N318,Bit ask contain law eat skin walk.
kmejia@gmail.com,Jacob Walls,Y509,Believe anything democratic black around answer coach community.
maureenmcclain@yahoo.com,Nicholas Morgan,C505,Trip individual suffer option camera establish air find.
jrogers@gmail.com,Jesus White,S603,Try inside choice understand choice.
ewhite@hotmail.com,David Salazar,O201,Range especially strong play unit fund heart red.
kristinbaker@yahoo.com,Shawn Hernandez,S501,Rock recently adult seem decade.
vlewis@yahoo.com,Marcus Martinez,J512,Great cell live source simply right.
christopher49@gmail.com,Laura Salazar,V520,Option car girl any young get knowledge past.
tamarahart@gmail.com,Denise Lamb,V522,Company car well simple together early.
gerald58@gmail.com,Christopher Moore,A318,Painting everyone force evening provide hour grow family gas treatment.
fsmith@gmail.com,Mrs. Mackenzie Jones,Z218,Glass charge order system marriage.
elizabethjackson@hotmail.com,Taylor Davis,C413,Poor hold site fire skill those should.
zbradley@gmail.com,Nancy Watson,C318,Minute cultural impact different western run national.
tyrone48@hotmail.com,Jessica Smith,S313,Democratic feeling suffer feel administration star show ability right field.
kurtallen@yahoo.com,Kyle Griffin,W125,Executive degree country toward figure security generation baby meeting.
davisamanda@yahoo.com,Mark Phillips,K608,Serve mission heart little wait seek worker fight able pass.
fgarcia@hotmail.com,Donald Downs,B100,Begin Democrat reduce view pull lead home land prove network.
alexis02@gmail.com,Cynthia Blackburn,R615,Get moment little really member again treat single guy father.
unorris@gmail.com,Jessica Anderson,C521,Read red them board by sell tonight hair.
qcummings@gmail.com,Jared Welch,T202,Language card side painting beat attack.
jason65@gmail.com,Lisa Johnson,P423,Pass ahead power individual enjoy establish.
melanie35@gmail.com,Kenneth Henderson,R103,Lead mind middle list Congress stock white attorney.
marshallteresa@hotmail.com,Steve Sanchez,X104,Along sell carry fall seat.
jeffreyclark@gmail.com,Tasha Stuart,Q504,Already baby draw serious close.
tjackson@gmail.com,Andrea Cordova,E607,Attorney apply upon child boy those weight new.
munozstephanie@gmail.com,Teresa Lowe,U105,Surface difficult blood despite sense floor.
brittanycastillo@gmail.com,Angela Thomas,W119,Radio blood by upon subject government song magazine message whatever.
samantharich@hotmail.com,Christine Dixon,Q620,Idea week little film magazine see.
xgarcia@hotmail.com,Kristen Gonzalez,J105,Learn establish describe fact determine recently industry task among eight.
katherinelewis@hotmail.com,John Thomas,G320,Occur visit significant training significant mouth card.
ofrench@hotmail.com,Maria Oneal,D325,Ever believe sound general oil.
pbutler@yahoo.com,Dana Cuevas,E316,Day firm attention imagine walk feel chair.
susangarrett@hotmail.com,Emily White,Q510,Us however according sing toward just along.
chelseascott@yahoo.com,Eduardo Gonzalez,N621,Voice why worker present attorney data always consumer natural.
elizabethbell@gmail.com,Christopher Fisher,Y307,Property event work chance it appear purpose start.
mcbridelisa@gmail.com,Jessica Webb,G325,Mind improve area for.
vincenthowell@hotmail.com,Mary Jones,F324,Wear truth chance put quickly use need base party along.
palmerkaren@hotmail.com,Aaron Burns,K323,Case my buy art news her voice evidence.
twhitaker@hotmail.com,Michelle Ferguson,I213,Similar continue knowledge personal give.
ramirezelizabeth@hotmail.com,Thomas Schultz,F601,Ready summer son keep everything suddenly seem market onto she.
norrisyolanda@hotmail.com,Sarah Marshall,L602,Garden admit safe soldier staff door fire wish like.
sanchezroberto@hotmail.com,Katie Miller,R610,Above fill Mr TV rock front idea view religious.
jclark@hotmail.com,Kyle Tapia,G317,Happy new huge amount why surface.
william98@yahoo.com,Nicholas Cooke,K410,National plant bank community those girl unit.
omarbryant@gmail.com,Rebekah Hall,N505,Position system bar not commercial ever.
hwhite@hotmail.com,Daniel Adams,F519,Court research behind available create.
carlduncan@gmail.com,Emily Silva,P104,Debate leave town either capital sit collection heavy scene course.
nhernandez@yahoo.com,Donna Smith,M314,Then team condition money say.
mark64@yahoo.com,Aaron Bentley,R225,Similar society history gas team.
cgay@yahoo.com,Nicole Sampson,J313,Human music painting ever well story page want start tonight.
christopherlove@gmail.com,Tyler Dominguez,M112,Kid reflect western happen piece last middle say chance.
joannemorrison@gmail.com,Jamie Mcdonald,M223,Understand character style how poor morning possible.
perrykaren@gmail.com,Kathy Giles,G100,Decade role draw employee simply nation consider get return.
steventhompson@gmail.com,Katie Edwards,W102,Would rest dinner cost view while argue.
vaughannicole@hotmail.com,Michelle Martin,W318,Strong participant customer be series.
morrisonkimberly@gmail.com,Holly Woods,E412,Exist individual a reality unit.
mackerin@gmail.com,Albert Vazquez,B111,Only blood local manage.
lewisdeanna@gmail.com,Andrea Mclaughlin,S218,Customer instead open require lay trouble century.
weaverkaitlyn@gmail.com,James Mahoney,D521,Leave son difference evening store.
emily01@gmail.com,William Boyd DDS,Y314,Room animal floor tell concern.
clambert@hotmail.com,Yolanda Kelly,O100,Deal mission condition sound religious social until book like.
brianwilson@hotmail.com,Christopher Reed,I215,Building different process challenge avoid vote much.
jhernandez@gmail.com,Brian Holmes,S215,Gun in race finally girl once style husband somebody policy.
jcarter@hotmail.com,Jason Ramos,U218,Arm poor model pay woman manager.
freed@gmail.com,Nicholas Baker,V213,Smile quickly commercial so stand food.
imora@hotmail.com,Stephanie Johnson,F304,State more expert glass recently trial.
ronaldmiller@hotmail.com,Robin Bell,G119,Page peace really rate road meet not off.
kaylachandler@gmail.com,Michael Moreno,F613,Threat himself successful left home forward fall mind perform old.
hshepherd@gmail.com,Kenneth Williams,I108,Each operation imagine moment something apply yet west.
smiller@gmail.com,Mark Knight,Y404,Experience country throughout central peace believe moment.
parkssean@gmail.com,Donald Jones DDS,S500,Yes time authority hair its total.
karamorgan@hotmail.com,Shane Hill,Q104,Lot campaign audience some it practice ten make street likely.
travisjones@yahoo.com,Teresa Miller,T209,Tell ground lot research safe world author special cell financial.
frostashley@gmail.com,Lindsey Orozco,X111,Attorney space gas consumer reason first.
mcfarlandjennifer@yahoo.com,Amy Hoover,M625,Tv market occur would do travel century ability.
stevenhanson@gmail.com,Linda Schmidt,I123,Final military property people hour expert.
lutzjennifer@gmail.com,Lauren Benjamin,T508,Mr full cultural act rather beyond mission.
marcusturner@hotmail.com,Kylie Park,U211,May again clearly any as send much.
xsmith@gmail.com,Mrs. Makayla Payne,C213,Budget project cultural decade eight Congress experience.
grace49@yahoo.com,Bryan Hawkins,J200,Compare commercial including nation by health just blue.
russell83@hotmail.com,Kevin Carey,Q602,Father son hotel produce man travel help listen dream still.
stevenmoore@gmail.com,Derrick Obrien,J603,War father always about research because serious course miss.
dvazquez@gmail.com,Paul Donovan,Q312,Herself force office agent hair decide establish spring stay.
stevenmitchell@gmail.com,Ricky Webb,O401,Speak particular focus floor design speak because light conference.
tnorris@yahoo.com,Margaret Diaz,Q108,Offer look among pass at hair him similar.
kelly78@hotmail.com,Henry Collins,S116,Smile music best already stuff save.
charles67@yahoo.com,Brandi Gonzalez,I111,Seven share thank tax step agency middle agency something.
sbrewer@hotmail.com,Parker Fletcher,U301,Degree push hour lay perhaps those seem quality identify.
copelandjeanne@yahoo.com,Brandon Sellers,P103,Exist night little key Democrat apply than story week.
gallegosmegan@yahoo.com,Mr. Jonathon Perez,K325,Admit meeting magazine life together expert enjoy color him specific line.
nmanning@hotmail.com,Marcus Smith,Q109,Include serious arm answer through or society although term two.
njohnson@gmail.com,Catherine James,V616,Activity look federal information particular partner weight structure.
rwade@gmail.com,Michelle White,Y316,Coach particularly morning he popular usually play defense fight.
nicolebutler@yahoo.com,Tyler Miller,W610,Win of catch purpose anything brother cup sometimes.
schroederbryce@gmail.com,Damon Fisher,V401,Effort western benefit point line my relationship decade coach.
deleonlogan@yahoo.com,Kristen Carroll,N520,Break serve development who be its ten.
alanjimenez@gmail.com,Jesse Hopkins,U201,Explain significant by cost study work eight expect nearly recently cell.
scottdoyle@yahoo.com,Stephanie Buckley,Y425,Fine what laugh west challenge challenge expect score mouth.
bruceroy@hotmail.com,Jeffery Landry,I203,Your travel stop language walk while better offer day.
crystalstafford@hotmail.com,John Wiggins,U313,Chance firm easy film program happen scene.
ltaylor@yahoo.com,Janice Bishop,B424,Debate heart member along.
natashanguyen@hotmail.com,Jennifer Wood,A414,Occur really easy market already claim.
michael42@hotmail.com,Sarah Foster,S101,Father hair tend region accept trial money within heavy.
hudsonthomas@hotmail.com,Philip Woods,K501,Rise song share change I try price consumer.
williamsmichelle@hotmail.com,Jeffrey Fox,W114,Rest amount performance turn possible Mrs property.
kristenyoung@gmail.com,Laura Davidson,Z420,Develop these power style few discussion those event.
nfrazier@hotmail.com,Eric Taylor,S515,Surface provide laugh everyone but.
martinkyle@gmail.com,Karen Hunt,J508,Onto authority win movie five stage.
robert22@hotmail.com,Charles Cooper,R318,Book list born matter human president question expect arm example.
iramirez@gmail.com,Kyle Chase,E315,Consumer continue yourself off while run maintain whole level wall.
jennaferguson@hotmail.com,Michael Willis,Y513,International under reveal suggest young peace product author.
mbryant@yahoo.com,Joshua Strickland,F319,Beyond drop back about popular himself.
james48@yahoo.com,Danielle Eaton,W401,State join get story resource exactly happy.
johnsonann@hotmail.com,Tara Coleman,Y515,Current security career low per discuss measure prove purpose.
donald36@gmail.com,Dominique Johnston,X211,Major wall may role must house allow morning glass.
jonestoni@hotmail.com,Audrey Neal,T501,Between spend these they citizen cost report discover.
agomez@yahoo.com,Nancy Thomas,V319,Station woman wear stop.
drodriguez@hotmail.com,David Foster,P313,Push push month piece into shoulder expect decade two.
hartdiane@yahoo.com,John Quinn,E112,Candidate memory kind remember job study wrong.
pamela63@yahoo.com,Alyssa Davis,E325,Low method could look practice check reach.
farrelljoel@hotmail.com,James Green,D412,Long close special crime budget.
sean16@yahoo.com,Jessica Whitney,T113,Last board suddenly sometimes high process plant media bad see specific.
gbrowning@yahoo.com,Tanner Valentine,B425,Others message line sit over season wear success.
clarkeadriana@gmail.com,Cynthia Welch,Q313,Deal easy read soon manage section.
qwilson@gmail.com,Monique Ayala,S102,And how teach building item most interest improve federal star.
thompsonkelly@hotmail.com,Patrick Day,R220,Much position born research exactly.
gsimmons@hotmail.com,Sherry Evans,D104,Few old describe through admit lot letter break radio.
kimberly35@hotmail.com,Adam Rogers,H112,Marriage drop scene billion safe agree.
mburns@gmail.com,Christopher Strong,F315,Reality far poor young middle.
dawnmercado@hotmail.com,Joseph Mack,D203,Article special community set director we full now trial.
jerry54@yahoo.com,Eric Harrington,I620,Fall record author into room choice.
mholt@gmail.com,Shelby Francis,J600,Stuff cover official together million.
shill@gmail.com,Joseph Stewart,Q512,Expert same view small once.
richardstiffany@hotmail.com,Nicole York,M600,Thing into professional Mrs style.
brittany19@hotmail.com,Jessica Johnson,J514,You Congress stand generation likely want need night.
ovargas@gmail.com,Amber Perez,C200,Young give win available story easy notice upon.
shelley65@gmail.com,Daniel Estrada,R215,Artist push reality security they ok.
johnsonbenjamin@hotmail.com,Leonard Brown,D511,Probably fear operation democratic them finish.
davisautumn@gmail.com,Andrea Williams,B117,Lay everybody for action action you quite wish front.
martinezangela@gmail.com,Micheal Stewart II,R504,Low woman where like change produce my meet.
jordanmcfarland@hotmail.com,Adam Williams,B616,Book test big then responsibility.
lynn15@gmail.com,Todd Rodriguez,Q105,Apply on once hit service late with citizen.
greenjacob@hotmail.com,Tina Hunter,A511,Challenge reason it body when maintain understand avoid stage.
patrickdylan@hotmail.com,Paula Hodges,S413,Part task company science company.
dwalsh@yahoo.com,Andrew Roberts,I600,Cold finally adult traditional I successful.
sbrown@yahoo.com,Jacqueline Kelley,L406,Western entire situation already study.
bradyedward@yahoo.com,Clarence Mckenzie,C103,Customer everybody money inside identify.
deniseblack@hotmail.com,Sally Melton,N200,Must why hear always senior top necessary task.
jeffrey45@gmail.com,Stacy Hines,B410,Around purpose seat however enjoy choose.
susan42@hotmail.com,Keith Dickson,M310,Whether forget because me car stay let provide movement quickly.
myersjason@gmail.com,Michael Gillespie,J225,Poor still less name loss modern.
contrerasjustin@gmail.com,Carla Bell,E302,Still guess book wish present support.
mendozakaren@gmail.com,Jeffrey Mendez,C514,Support during information theory win.
fredsmith@hotmail.com,Christopher Carroll,B604,Deep pretty hotel rich term support hard vote just.
atownsend@yahoo.com,Kevin Sparks,G314,It better system country.
markhughes@yahoo.com,Bobby Watkins,Z307,Although fear continue sit happen.
peggywilcox@yahoo.com,Timothy Bates,K517,Off customer inside few car quickly.
hgonzalez@hotmail.com,Jason Owens,M324,Involve each contain rich.
