email,full_name,url
cole68@gmail.com,Paige Blankenship,https://api.qrserver.com/v1/create-qr-code/?size=300x300&data=Paige+Blankenship+%7C+cole68%40gmail.com
andrewsemma@gmail.com,Rodney White,https://api.qrserver.com/v1/create-qr-code/?size=300x300&data=Rodney+White+%7C+andrewsemma%40gmail.com
egarza@yahoo.com,Frank Jackson II,https://api.qrserver.com/v1/create-qr-code/?size=300x300&data=Frank+Jackson+II+%7C+egarza%40yahoo.com
brooke37@yahoo.com,Madeline Garrison,https://api.qrserver.com/v1/create-qr-code/?size=300x300&data=Madeline+Garrison+%7C+brooke37%40yahoo.com
kennethanderson@yahoo.com,Anthony Blake,https://api.qrserver.com/v1/create-qr-code/?size=300x300&data=Anthony+Blake+%7C+kennethanderson%40yahoo.com
oruiz@gmail.com,Larry Johnson,https://api.qrserver.com/v1/create-qr-code/?size=300x300&data=Larry+Johnson+%7C+oruiz%40gmail.com
andreakim@hotmail.com,Ashley Livingston,https://api.qrserver.com/v1/create-qr-code/?size=300x300&data=Ashley+Livingston+%7C+andreakim%40hotmail.com
dclayton@hotmail.com,William Griffin,https://api.qrserver.com/v1/create-qr-code/?size=300x300&data=William+Griffin+%7C+dclayton%40hotmail.com
batesvictor@hotmail.com,Pamela Jimenez,https://api.qrserver.com/v1/create-qr-code/?size=300x300&data=Pamela+Jimenez+%7C+batesvictor%40hotmail.com
sandersjoseph@gmail.com,Adam Stone,https://api.qrserver.com/v1/create-qr-code/?size=300x300&data=Adam+Stone+%7C+sandersjoseph%40gmail.com
kenneth25@hotmail.com,Joseph Roberts,https://api.qrserver.com/v1/create-qr-code/?size=300x300&data=Joseph+Roberts+%7C+kenneth25%40hotmail.com
carlosfisher@hotmail.com,Travis Lucas,https://api.qrserver.com/v1/create-qr-code/?size=300x300&data=Travis+Lucas+%7C+carlosfisher%40hotmail.com
gonzalezerica@gmail.com,Arthur Rodriguez,https://api.qrserver.com/v1/create-qr-code/?size=300x300&data=Arthur+Rodriguez+%7C+gonzalezerica%40gmail.com
veronicalong@yahoo.com,Michael Mcguire,https://api.qrserver.com/v1/create-qr-code/?size=300x300&data=Michael+Mcguire+%7C+veronicalong%40yahoo.com
vlarson@gmail.com,Eddie Burton,https://api.qrserver.com/v1/create-qr-code/?size=300x300&data=Eddie+Burton+%7C+vlarson%40gmail.com
thompsonwilliam@gmail.com,Christian Coleman,https://api.qrserver.com/v1/create-qr-code/?size=300x300&data=Christian+Coleman+%7C+thompsonwilliam%40gmail.com
jeremiahpaul@hotmail.com,Kayla Lindsey,https://api.qrserver.com/v1/create-qr-code/?size=300x300&data=Kayla+Lindsey+%7C+jeremiahpaul%40hotmail.com
kenneththomas@hotmail.com,Brittany Smith,https://api.qrserver.com/v1/create-qr-code/?size=300x300&data=Brittany+Smith+%7C+kenneththomas%40hotmail.com
jane79@hotmail.com,Danielle Esparza,https://api.qrserver.com/v1/create-qr-code/?size=300x300&data=Danielle+Esparza+%7C+jane79%40hotmail.com
christianbenton@hotmail.com,Xavier Estrada,https://api.qrserver.com/v1/create-qr-code/?size=300x300&data=Xavier+Estrada+%7C+christianbenton%40hotmail.com
myoung@gmail.com,Kyle Ramsey,https://api.qrserver.com/v1/create-qr-code/?size=300x300&data=Kyle+Ramsey+%7C+myoung%40gmail.com
hmills@gmail.com,Matthew Garcia,https://api.qrserver.com/v1/create-qr-code/?size=300x300&data=Matthew+Garcia+%7C+hmills%40gmail.com
rogersrandy@yahoo.com,Deborah Nguyen DVM,https://api.qrserver.com/v1/create-qr-code/?size=300x300&data=Deborah+Nguyen+DVM+%7C+rogersrandy%40yahoo.com
zbennett@hotmail.com,Lisa Byrd,https://api.qrserver.com/v1/create-qr-code/?size=300x300&data=Lisa+Byrd+%7C+zbennett%40hotmail.com
andre04@yahoo.com,Darlene Dalton,https://api.qrserver.com/v1/create-qr-code/?size=300x300&data=Darlene+Dalton+%7C+andre04%40yahoo.com
vgreen@yahoo.com,Kelly Lee,https://api.qrserver.com/v1/create-qr-code/?size=300x300&data=Kelly+Lee+%7C+vgreen%40yahoo.com
kennedychristopher@hotmail.com,Rita Perez,https://api.qrserver.com/v1/create-qr-code/?size=300x300&data=Rita+Perez+%7C+kennedychristopher%40hotmail.com
linda99@gmail.com,Sean Tucker,https://api.qrserver.com/v1/create-qr-code/?size=300x300&data=Sean+Tucker+%7C+linda99%40gmail.com
ericcampbell@hotmail.com,Jennifer Smith,https://api.qrserver.com/v1/create-qr-code/?size=300x300&data=Jennifer+Smith+%7C+ericcampbell%40hotmail.com
sylvia88@yahoo.com,Shaun Morgan,https://api.qrserver.com/v1/create-qr-code/?size=300x300&data=Shaun+Morgan+%7C+sylvia88%40yahoo.com
lisawilson@gmail.com,Karen Simpson,https://api.qrserver.com/v1/create-qr-code/?size=300x300&data=Karen+Simpson+%7C+lisawilson%40gmail.com
anthony89@yahoo.com,David Cruz,https://api.qrserver.com/v1/create-qr-code/?size=300x300&data=David+Cruz+%7C+anthony89%40yahoo.com
glorianunez@gmail.com,Robert Sheppard,https://api.qrserver.com/v1/create-qr-code/?size=300x300&data=Robert+Sheppard+%7C+glorianunez%40gmail.com
hgreen@yahoo.com,Haley Allen,https://api.qrserver.com/v1/create-qr-code/?size=300x300&data=Haley+Allen+%7C+hgreen%40yahoo.com
edwardallison@yahoo.com,Justin Cole,https://api.qrserver.com/v1/create-qr-code/?size=300x300&data=Justin+Cole+%7C+edwardallison%40yahoo.com
nherring@yahoo.com,John Ferguson,https://api.qrserver.com/v1/create-qr-code/?size=300x300&data=John+Ferguson+%7C+nherring%40yahoo.com
masseymatthew@gmail.com,Patrick Alexander,https://api.qrserver.com/v1/create-qr-code/?size=300x300&data=Patrick+Alexander+%7C+masseymatthew%40gmail.com
sergio27@gmail.com,Steven Jones,https://api.qrserver.com/v1/create-qr-code/?size=300x300&data=Steven+Jones+%7C+sergio27%40gmail.com
annahurley@yahoo.com,Anthony Jacobson,https://api.qrserver.com/v1/create-qr-code/?size=300x300&data=Anthony+Jacobson+%7C+annahurley%40yahoo.com
juliaholder@hotmail.com,Jordan Rodriguez,https://api.qrserver.com/v1/create-qr-code/?size=300x300&data=Jordan+Rodriguez+%7C+juliaholder%40hotmail.com
tiffany20@hotmail.com,Katelyn Green,https://api.qrserver.com/v1/create-qr-code/?size=300x300&data=Katelyn+Green+%7C+tiffany20%40hotmail.com
cbrady@yahoo.com,Sharon Schmitt,https://api.qrserver.com/v1/create-qr-code/?size=300x300&data=Sharon+Schmitt+%7C+cbrady%40yahoo.com
ojohnson@yahoo.com,Krista Brooks,https://api.qrserver.com/v1/create-qr-code/?size=300x300&data=Krista+Brooks+%7C+ojohnson%40yahoo.com
tammycohen@gmail.com,Katherine Vance,https://api.qrserver.com/v1/create-qr-code/?size=300x300&data=Katherine+Vance+%7C+tammycohen%40gmail.com
barreraandrew@yahoo.com,Deborah Atkinson,https://api.qrserver.com/v1/create-qr-code/?size=300x300&data=Deborah+Atkinson+%7C+barreraandrew%40yahoo.com
edoyle@yahoo.com,Cheryl Rodriguez,https://api.qrserver.com/v1/create-qr-code/?size=300x300&data=Cheryl+Rodriguez+%7C+edoyle%40yahoo.com
wilsonsamantha@yahoo.com,Dr. Jordan Nelson,https://api.qrserver.com/v1/create-qr-code/?size=300x300&data=Dr.+Jordan+Nelson+%7C+wilsonsamantha%40yahoo.com
iwest@hotmail.com,Sheri Goodman,https://api.qrserver.com/v1/create-qr-code/?size=300x300&data=Sheri+Goodman+%7C+iwest%40hotmail.com
gabrielwilson@gmail.com,Ashley Johnson,https://api.qrserver.com/v1/create-qr-code/?size=300x300&data=Ashley+Johnson+%7C+gabrielwilson%40gmail.com
curtistimothy@gmail.com,Kristina Pham,https://api.qrserver.com/v1/create-qr-code/?size=300x300&data=Kristina+Pham+%7C+curtistimothy%40gmail.com
swhitney@gmail.com,Chase Arnold,https://api.qrserver.com/v1/create-qr-code/?size=300x300&data=Chase+Arnold+%7C+swhitney%40gmail.com
ayerslarry@yahoo.com,David Keller,https://api.qrserver.com/v1/create-qr-code/?size=300x300&data=David+Keller+%7C+ayerslarry%40yahoo.com
xrichardson@yahoo.com,Manuel Key,https://api.qrserver.com/v1/create-qr-code/?size=300x300&data=Manuel+Key+%7C+xrichardson%40yahoo.com
dawndouglas@gmail.com,Megan Hartman DVM,https://api.qrserver.com/v1/create-qr-code/?size=300x300&data=Megan+Hartman+DVM+%7C+dawndouglas%40gmail.com
tyler54@gmail.com,Yvonne Knight,https://api.qrserver.com/v1/create-qr-code/?size=300x300&data=Yvonne+Knight+%7C+tyler54%40gmail.com
hlawson@yahoo.com,Michael Vance,https://api.qrserver.com/v1/create-qr-code/?size=300x300&data=Michael+Vance+%7C+hlawson%40yahoo.com
jenniferwolfe@hotmail.com,Deborah Wade,https://api.qrserver.com/v1/create-qr-code/?size=300x300&data=Deborah+Wade+%7C+jenniferwolfe%40hotmail.com
jesuscooper@hotmail.com,Rebecca Cardenas,https://api.qrserver.com/v1/create-qr-code/?size=300x300&data=Rebecca+Cardenas+%7C+jesuscooper%40hotmail.com
jasminecarrillo@hotmail.com,Troy Calderon,https://api.qrserver.com/v1/create-qr-code/?size=300x300&data=Troy+Calderon+%7C+jasminecarrillo%40hotmail.com
hughesgerald@hotmail.com,Jason Thompson,https://api.qrserver.com/v1/create-qr-code/?size=300x300&data=Jason+Thompson+%7C+hughesgerald%40hotmail.com
rebecca68@gmail.com,Alicia Smith,https://api.qrserver.com/v1/create-qr-code/?size=300x300&data=Alicia+Smith+%7C+rebecca68%40gmail.com
moralesdevin@gmail.com,Jesse Soto,https://api.qrserver.com/v1/create-qr-code/?size=300x300&data=Jesse+Soto+%7C+moralesdevin%40gmail.com
garciastephanie@yahoo.com,Scott Wagner,https://api.qrserver.com/v1/create-qr-code/?size=300x300&data=Scott+Wagner+%7C+garciastephanie%40yahoo.com
joseph23@yahoo.com,Joseph Phillips,https://api.qrserver.com/v1/create-qr-code/?size=300x300&data=Joseph+Phillips+%7C+joseph23%40yahoo.com
brandy81@gmail.com,Jason Hicks,https://api.qrserver.com/v1/create-qr-code/?size=300x300&data=Jason+Hicks+%7C+brandy81%40gmail.com
kaylawallace@hotmail.com,Sarah Dalton,https://api.qrserver.com/v1/create-qr-code/?size=300x300&data=Sarah+Dalton+%7C+kaylawallace%40hotmail.com
fmoore@yahoo.com,Meagan Jones,https://api.qrserver.com/v1/create-qr-code/?size=300x300&data=Meagan+Jones+%7C+fmoore%40yahoo.com
qcosta@yahoo.com,Aaron Myers,https://api.qrserver.com/v1/create-qr-code/?size=300x300&data=Aaron+Myers+%7C+qcosta%40yahoo.com
broth@yahoo.com,Lindsey Cummings,https://api.qrserver.com/v1/create-qr-code/?size=300x300&data=Lindsey+Cummings+%7C+broth%40yahoo.com
uchen@hotmail.com,Sherry Garcia,https://api.qrserver.com/v1/create-qr-code/?size=300x300&data=Sherry+Garcia+%7C+uchen%40hotmail.com
mferguson@hotmail.com,Ryan Smith,https://api.qrserver.com/v1/create-qr-code/?size=300x300&data=Ryan+Smith+%7C+mferguson%40hotmail.com
david22@gmail.com,Ryan Nguyen,https://api.qrserver.com/v1/create-qr-code/?size=300x300&data=Ryan+Nguyen+%7C+david22%40gmail.com
william00@gmail.com,Roberta Howard,https://api.qrserver.com/v1/create-qr-code/?size=300x300&data=Roberta+Howard+%7C+william00%40gmail.com
xsmith@gmail.com,Steve Campbell,https://api.qrserver.com/v1/create-qr-code/?size=300x300&data=Steve+Campbell+%7C+xsmith%40gmail.com
lauracooper@hotmail.com,Lauren Beck,https://api.qrserver.com/v1/create-qr-code/?size=300x300&data=Lauren+Beck+%7C+lauracooper%40hotmail.com
andrew72@yahoo.com,Joseph Murray,https://api.qrserver.com/v1/create-qr-code/?size=300x300&data=Joseph+Murray+%7C+andrew72%40yahoo.com
andrew87@gmail.com,Christopher Taylor,https://api.qrserver.com/v1/create-qr-code/?size=300x300&data=Christopher+Taylor+%7C+andrew87%40gmail.com
ritalee@yahoo.com,Debra Ferguson,https://api.qrserver.com/v1/create-qr-code/?size=300x300&data=Debra+Ferguson+%7C+ritalee%40yahoo.com
hardingheather@gmail.com,Jonathan Simpson,https://api.qrserver.com/v1/create-qr-code/?size=300x300&data=Jonathan+Simpson+%7C+hardingheather%40gmail.com
chouse@hotmail.com,Paul Martin,https://api.qrserver.com/v1/create-qr-code/?size=300x300&data=Paul+Martin+%7C+chouse%40hotmail.com
stewartbrian@yahoo.com,Deborah Williams,https://api.qrserver.com/v1/create-qr-code/?size=300x300&data=Deborah+Williams+%7C+stewartbrian%40yahoo.com
xanthony@hotmail.com,Nicole Rivera,https://api.qrserver.com/v1/create-qr-code/?size=300x300&data=Nicole+Rivera+%7C+xanthony%40hotmail.com
obrown@yahoo.com,Shawn Rangel,https://api.qrserver.com/v1/create-qr-code/?size=300x300&data=Shawn+Rangel+%7C+obrown%40yahoo.com
frederickgardner@gmail.com,Felicia Holden,https://api.qrserver.com/v1/create-qr-code/?size=300x300&data=Felicia+Holden+%7C+frederickgardner%40gmail.com
angela69@gmail.com,William Rodriguez,https://api.qrserver.com/v1/create-qr-code/?size=300x300&data=William+Rodriguez+%7C+angela69%40gmail.com
gonzalezgregory@yahoo.com,Timothy Jenkins,https://api.qrserver.com/v1/create-qr-code/?size=300x300&data=Timothy+Jenkins+%7C+gonzalezgregory%40yahoo.com
smithjames@yahoo.com,Vincent Jones,https://api.qrserver.com/v1/create-qr-code/?size=300x300&data=Vincent+Jones+%7C+smithjames%40yahoo.com
henry39@gmail.com,Daniel Elliott,https://api.qrserver.com/v1/create-qr-code/?size=300x300&data=Daniel+Elliott+%7C+henry39%40gmail.com
harperjocelyn@gmail.com,John Olson,https://api.qrserver.com/v1/create-qr-code/?size=300x300&data=John+Olson+%7C+harperjocelyn%40gmail.com
catherine44@yahoo.com,Joshua Tran,https://api.qrserver.com/v1/create-qr-code/?size=300x300&data=Joshua+Tran+%7C+catherine44%40yahoo.com
epeters@hotmail.com,Nicole Weaver,https://api.qrserver.com/v1/create-qr-code/?size=300x300&data=Nicole+Weaver+%7C+epeters%40hotmail.com
jamiewhite@gmail.com,Brian Jensen,https://api.qrserver.com/v1/create-qr-code/?size=300x300&data=Brian+Jensen+%7C+jamiewhite%40gmail.com
kimberlyleach@yahoo.com,Christopher Goodwin,https://api.qrserver.com/v1/create-qr-code/?size=300x300&data=Christopher+Goodwin+%7C+kimberlyleach%40yahoo.com
tiffany32@hotmail.com,Michael Adams,https://api.qrserver.com/v1/create-qr-code/?size=300x300&data=Michael+Adams+%7C+tiffany32%40hotmail.com
michael13@yahoo.com,Janice Gordon,https://api.qrserver.com/v1/create-qr-code/?size=300x300&data=Janice+Gordon+%7C+michael13%40yahoo.com
hawkinsheather@hotmail.com,Thomas Peterson,https://api.qrserver.com/v1/create-qr-code/?size=300x300&data=Thomas+Peterson+%7C+hawkinsheather%40hotmail.com
imorgan@gmail.com,Brandy Taylor,https://api.qrserver.com/v1/create-qr-code/?size=300x300&data=Brandy+Taylor+%7C+imorgan%40gmail.com
richard36@yahoo.com,Margaret Glenn,https://api.qrserver.com/v1/create-qr-code/?size=300x300&data=Margaret+Glenn+%7C+richard36%40yahoo.com
smitheric@yahoo.com,Meagan Chapman,https://api.qrserver.com/v1/create-qr-code/?size=300x300&data=Meagan+Chapman+%7C+smitheric%40yahoo.com
esanders@gmail.com,Tara Hudson,https://api.qrserver.com/v1/create-qr-code/?size=300x300&data=Tara+Hudson+%7C+esanders%40gmail.com
grosskaren@yahoo.com,Jeremy Johnson,https://api.qrserver.com/v1/create-qr-code/?size=300x300&data=Jeremy+Johnson+%7C+grosskaren%40yahoo.com
michelle69@hotmail.com,Hannah Gray,https://api.qrserver.com/v1/create-qr-code/?size=300x300&data=Hannah+Gray+%7C+michelle69%40hotmail.com
michaeljensen@yahoo.com,Eric Morris,https://api.qrserver.com/v1/create-qr-code/?size=300x300&data=Eric+Morris+%7C+michaeljensen%40yahoo.com
latoyaballard@hotmail.com,Adam Stokes,https://api.qrserver.com/v1/create-qr-code/?size=300x300&data=Adam+Stokes+%7C+latoyaballard%40hotmail.com
lameric@hotmail.com,Maria Hampton,https://api.qrserver.com/v1/create-qr-code/?size=300x300&data=Maria+Hampton+%7C+lameric%40hotmail.com
owall@gmail.com,Michael Garcia,https://api.qrserver.com/v1/create-qr-code/?size=300x300&data=Michael+Garcia+%7C+owall%40gmail.com
jasongreen@hotmail.com,Kevin Weber,https://api.qrserver.com/v1/create-qr-code/?size=300x300&data=Kevin+Weber+%7C+jasongreen%40hotmail.com
grantsheila@yahoo.com,David Anderson,https://api.qrserver.com/v1/create-qr-code/?size=300x300&data=David+Anderson+%7C+grantsheila%40yahoo.com
carlwallace@hotmail.com,Mr. Jared Wright,https://api.qrserver.com/v1/create-qr-code/?size=300x300&data=Mr.+Jared+Wright+%7C+carlwallace%40hotmail.com
kimlong@yahoo.com,Cindy Gutierrez,https://api.qrserver.com/v1/create-qr-code/?size=300x300&data=Cindy+Gutierrez+%7C+kimlong%40yahoo.com
chall@gmail.com,Ronald Hernandez,https://api.qrserver.com/v1/create-qr-code/?size=300x300&data=Ronald+Hernandez+%7C+chall%40gmail.com
michael94@hotmail.com,Steve Mccormick,https://api.qrserver.com/v1/create-qr-code/?size=300x300&data=Steve+Mccormick+%7C+michael94%40hotmail.com
angela27@gmail.com,Debbie Ross,https://api.qrserver.com/v1/create-qr-code/?size=300x300&data=Debbie+Ross+%7C+angela27%40gmail.com
tonya67@gmail.com,Christopher Gonzalez,https://api.qrserver.com/v1/create-qr-code/?size=300x300&data=Christopher+Gonzalez+%7C+tonya67%40gmail.com
marissa40@yahoo.com,David Mckenzie,https://api.qrserver.com/v1/create-qr-code/?size=300x300&data=David+Mckenzie+%7C+marissa40%40yahoo.com
shannonsweeney@yahoo.com,Edward Alexander,https://api.qrserver.com/v1/create-qr-code/?size=300x300&data=Edward+Alexander+%7C+shannonsweeney%40yahoo.com
mitchellcharles@hotmail.com,Pamela Clay,https://api.qrserver.com/v1/create-qr-code/?size=300x300&data=Pamela+Clay+%7C+mitchellcharles%40hotmail.com
andrea39@yahoo.com,Amy Flowers,https://api.qrserver.com/v1/create-qr-code/?size=300x300&data=Amy+Flowers+%7C+andrea39%40yahoo.com
drobinson@hotmail.com,Mrs. Deanna Humphrey,https://api.qrserver.com/v1/create-qr-code/?size=300x300&data=Mrs.+Deanna+Humphrey+%7C+drobinson%40hotmail.com
lauren90@yahoo.com,John Robertson,https://api.qrserver.com/v1/create-qr-code/?size=300x300&data=John+Robertson+%7C+lauren90%40yahoo.com
jswanson@gmail.com,Wanda Wallace,https://api.qrserver.com/v1/create-qr-code/?size=300x300&data=Wanda+Wallace+%7C+jswanson%40gmail.com
dgilmore@hotmail.com,Michelle Cruz,https://api.qrserver.com/v1/create-qr-code/?size=300x300&data=Michelle+Cruz+%7C+dgilmore%40hotmail.com
salazarbailey@hotmail.com,Nicole Valencia,https://api.qrserver.com/v1/create-qr-code/?size=300x300&data=Nicole+Valencia+%7C+salazarbailey%40hotmail.com
jesseaguilar@hotmail.com,Marcus Santiago,https://api.qrserver.com/v1/create-qr-code/?size=300x300&data=Marcus+Santiago+%7C+jesseaguilar%40hotmail.com
mendozajay@gmail.com,Richard Haney DDS,https://api.qrserver.com/v1/create-qr-code/?size=300x300&data=Richard+Haney+DDS+%7C+mendozajay%40gmail.com
barbara87@yahoo.com,Erica Jackson,https://api.qrserver.com/v1/create-qr-code/?size=300x300&data=Erica+Jackson+%7C+barbara87%40yahoo.com
smithashlee@gmail.com,Elizabeth Brown,https://api.qrserver.com/v1/create-qr-code/?size=300x300&data=Elizabeth+Brown+%7C+smithashlee%40gmail.com
rduke@gmail.com,Kristina Knight,https://api.qrserver.com/v1/create-qr-code/?size=300x300&data=Kristina+Knight+%7C+rduke%40gmail.com
idominguez@hotmail.com,James Townsend,https://api.qrserver.com/v1/create-qr-code/?size=300x300&data=James+Townsend+%7C+idominguez%40hotmail.com
jennifer87@hotmail.com,John Smith,https://api.qrserver.com/v1/create-qr-code/?size=300x300&data=John+Smith+%7C+jennifer87%40hotmail.com
qdouglas@hotmail.com,Haley Sandoval,https://api.qrserver.com/v1/create-qr-code/?size=300x300&data=Haley+Sandoval+%7C+qdouglas%40hotmail.com
kimberly25@gmail.com,Laura Harrison,https://api.qrserver.com/v1/create-qr-code/?size=300x300&data=Laura+Harrison+%7C+kimberly25%40gmail.com
valeriewalker@gmail.com,Michael Grant,https://api.qrserver.com/v1/create-qr-code/?size=300x300&data=Michael+Grant+%7C+valeriewalker%40gmail.com
yhicks@gmail.com,Cindy Collins,https://api.qrserver.com/v1/create-qr-code/?size=300x300&data=Cindy+Collins+%7C+yhicks%40gmail.com
andre18@gmail.com,Timothy Aguilar,https://api.qrserver.com/v1/create-qr-code/?size=300x300&data=Timothy+Aguilar+%7C+andre18%40gmail.com
jesse18@gmail.com,Tonya Palmer,https://api.qrserver.com/v1/create-qr-code/?size=300x300&data=Tonya+Palmer+%7C+jesse18%40gmail.com
bartonmarilyn@gmail.com,Sarah Ward,https://api.qrserver.com/v1/create-qr-code/?size=300x300&data=Sarah+Ward+%7C+bartonmarilyn%40gmail.com
matthew97@gmail.com,James Davenport,https://api.qrserver.com/v1/create-qr-code/?size=300x300&data=James+Davenport+%7C+matthew97%40gmail.com
karen38@hotmail.com,Mary Brown,https://api.qrserver.com/v1/create-qr-code/?size=300x300&data=Mary+Brown+%7C+karen38%40hotmail.com
lruiz@hotmail.com,Gregory Mann,https://api.qrserver.com/v1/create-qr-code/?size=300x300&data=Gregory+Mann+%7C+lruiz%40hotmail.com
james95@yahoo.com,Daniel Adams,https://api.qrserver.com/v1/create-qr-code/?size=300x300&data=Daniel+Adams+%7C+james95%40yahoo.com
pdunn@gmail.com,Alexander Reese,https://api.qrserver.com/v1/create-qr-code/?size=300x300&data=Alexander+Reese+%7C+pdunn%40gmail.com
cassandrahall@yahoo.com,Joseph Knight,https://api.qrserver.com/v1/create-qr-code/?size=300x300&data=Joseph+Knight+%7C+cassandrahall%40yahoo.com
cparsons@gmail.com,Kylie Murillo,https://api.qrserver.com/v1/create-qr-code/?size=300x300&data=Kylie+Murillo+%7C+cparsons%40gmail.com
sanchezmark@hotmail.com,William Berg,https://api.qrserver.com/v1/create-qr-code/?size=300x300&data=William+Berg+%7C+sanchezmark%40hotmail.com
tuckerjoseph@gmail.com,Susan Brown,https://api.qrserver.com/v1/create-qr-code/?size=300x300&data=Susan+Brown+%7C+tuckerjoseph%40gmail.com
xlewis@gmail.com,Candice Watson,https://api.qrserver.com/v1/create-qr-code/?size=300x300&data=Candice+Watson+%7C+xlewis%40gmail.com
craigwright@gmail.com,Karen Miller,https://api.qrserver.com/v1/create-qr-code/?size=300x300&data=Karen+Miller+%7C+craigwright%40gmail.com
veronicakeith@gmail.com,Stephanie Johnson,https://api.qrserver.com/v1/create-qr-code/?size=300x300&data=Stephanie+Johnson+%7C+veronicakeith%40gmail.com
deborah13@hotmail.com,Brandon Johnson,https://api.qrserver.com/v1/create-qr-code/?size=300x300&data=Brandon+Johnson+%7C+deborah13%40hotmail.com
smithrebecca@gmail.com,Karen Haynes,https://api.qrserver.com/v1/create-qr-code/?size=300x300&data=Karen+Haynes+%7C+smithrebecca%40gmail.com
shawdeborah@yahoo.com,Pamela Watkins,https://api.qrserver.com/v1/create-qr-code/?size=300x300&data=Pamela+Watkins+%7C+shawdeborah%40yahoo.com
crawfordzachary@yahoo.com,Peter Ewing,https://api.qrserver.com/v1/create-qr-code/?size=300x300&data=Peter+Ewing+%7C+crawfordzachary%40yahoo.com
sbaker@hotmail.com,David Garcia,https://api.qrserver.com/v1/create-qr-code/?size=300x300&data=David+Garcia+%7C+sbaker%40hotmail.com
lhaas@yahoo.com,Dr. David Strong Jr.,https://api.qrserver.com/v1/create-qr-code/?size=300x300&data=Dr.+David+Strong+Jr.+%7C+lhaas%40yahoo.com
elizabethcole@hotmail.com,Austin Drake,https://api.qrserver.com/v1/create-qr-code/?size=300x300&data=Austin+Drake+%7C+elizabethcole%40hotmail.com
deborahnelson@gmail.com,Michael Higgins,https://api.qrserver.com/v1/create-qr-code/?size=300x300&data=Michael+Higgins+%7C+deborahnelson%40gmail.com
paulscott@yahoo.com,Cathy Henderson,https://api.qrserver.com/v1/create-qr-code/?size=300x300&data=Cathy+Henderson+%7C+paulscott%40yahoo.com
ginacampos@yahoo.com,Jacob Walton,https://api.qrserver.com/v1/create-qr-code/?size=300x300&data=Jacob+Walton+%7C+ginacampos%40yahoo.com
garyfitzgerald@hotmail.com,Mariah Perez,https://api.qrserver.com/v1/create-qr-code/?size=300x300&data=Mariah+Perez+%7C+garyfitzgerald%40hotmail.com
stephenprice@hotmail.com,Jonathan Lucas,https://api.qrserver.com/v1/create-qr-code/?size=300x300&data=Jonathan+Lucas+%7C+stephenprice%40hotmail.com
monica39@gmail.com,James Livingston,https://api.qrserver.com/v1/create-qr-code/?size=300x300&data=James+Livingston+%7C+monica39%40gmail.com
micheleryan@hotmail.com,Shannon Washington,https://api.qrserver.com/v1/create-qr-code/?size=300x300&data=Shannon+Washington+%7C+micheleryan%40hotmail.com
ocontreras@gmail.com,John Thomas,https://api.qrserver.com/v1/create-qr-code/?size=300x300&data=John+Thomas+%7C+ocontreras%40gmail.com
katherine71@gmail.com,Corey Thomas,https://api.qrserver.com/v1/create-qr-code/?size=300x300&data=Corey+Thomas+%7C+katherine71%40gmail.com
ywhite@gmail.com,Brandon Barrett,https://api.qrserver.com/v1/create-qr-code/?size=300x300&data=Brandon+Barrett+%7C+ywhite%40gmail.com
alantucker@hotmail.com,Robert Smith,https://api.qrserver.com/v1/create-qr-code/?size=300x300&data=Robert+Smith+%7C+alantucker%40hotmail.com
kellygreen@hotmail.com,Daniel Moore,https://api.qrserver.com/v1/create-qr-code/?size=300x300&data=Daniel+Moore+%7C+kellygreen%40hotmail.com
reyestimothy@hotmail.com,Thomas Hall,https://api.qrserver.com/v1/create-qr-code/?size=300x300&data=Thomas+Hall+%7C+reyestimothy%40hotmail.com
kfarrell@yahoo.com,Cody Wade,https://api.qrserver.com/v1/create-qr-code/?size=300x300&data=Cody+Wade+%7C+kfarrell%40yahoo.com
ashaw@hotmail.com,Betty Smith,https://api.qrserver.com/v1/create-qr-code/?size=300x300&data=Betty+Smith+%7C+ashaw%40hotmail.com
bvaughan@yahoo.com,Michael Delacruz,https://api.qrserver.com/v1/create-qr-code/?size=300x300&data=Michael+Delacruz+%7C+bvaughan%40yahoo.com
berryraymond@gmail.com,Christopher Howe,https://api.qrserver.com/v1/create-qr-code/?size=300x300&data=Christopher+Howe+%7C+berryraymond%40gmail.com
ryan52@yahoo.com,Anita Barber,https://api.qrserver.com/v1/create-qr-code/?size=300x300&data=Anita+Barber+%7C+ryan52%40yahoo.com
whenry@gmail.com,Cynthia Shah,https://api.qrserver.com/v1/create-qr-code/?size=300x300&data=Cynthia+Shah+%7C+whenry%40gmail.com
kevin41@hotmail.com,Ronald Gonzalez,https://api.qrserver.com/v1/create-qr-code/?size=300x300&data=Ronald+Gonzalez+%7C+kevin41%40hotmail.com
esoto@hotmail.com,Bradley Wang,https://api.qrserver.com/v1/create-qr-code/?size=300x300&data=Bradley+Wang+%7C+esoto%40hotmail.com
humphreymatthew@gmail.com,Emily Thompson,https://api.qrserver.com/v1/create-qr-code/?size=300x300&data=Emily+Thompson+%7C+humphreymatthew%40gmail.com
schultzmatthew@hotmail.com,Zachary Espinoza,https://api.qrserver.com/v1/create-qr-code/?size=300x300&data=Zachary+Espinoza+%7C+schultzmatthew%40hotmail.com
erikhernandez@yahoo.com,Emily Padilla,https://api.qrserver.com/v1/create-qr-code/?size=300x300&data=Emily+Padilla+%7C+erikhernandez%40yahoo.com
edgarjames@hotmail.com,Dr. Kristy Rose,https://api.qrserver.com/v1/create-qr-code/?size=300x300&data=Dr.+Kristy+Rose+%7C+edgarjames%40hotmail.com
sandra39@hotmail.com,Nathan Black,https://api.qrserver.com/v1/create-qr-code/?size=300x300&data=Nathan+Black+%7C+sandra39%40hotmail.com
goodwinjulie@hotmail.com,Steven Harris,https://api.qrserver.com/v1/create-qr-code/?size=300x300&data=Steven+Harris+%7C+goodwinjulie%40hotmail.com
juliewilson@gmail.com,Melanie Johnson,https://api.qrserver.com/v1/create-qr-code/?size=300x300&data=Melanie+Johnson+%7C+juliewilson%40gmail.com
rogerselizabeth@hotmail.com,Walter Clayton,https://api.qrserver.com/v1/create-qr-code/?size=300x300&data=Walter+Clayton+%7C+rogerselizabeth%40hotmail.com
andersondaniel@hotmail.com,Stephen Williams,https://api.qrserver.com/v1/create-qr-code/?size=300x300&data=Stephen+Williams+%7C+andersondaniel%40hotmail.com
john66@yahoo.com,Keith Gamble,https://api.qrserver.com/v1/create-qr-code/?size=300x300&data=Keith+Gamble+%7C+john66%40yahoo.com
lisa15@gmail.com,Samuel Morris,https://api.qrserver.com/v1/create-qr-code/?size=300x300&data=Samuel+Morris+%7C+lisa15%40gmail.com
jasonschneider@gmail.com,Virginia Jones,https://api.qrserver.com/v1/create-qr-code/?size=300x300&data=Virginia+Jones+%7C+jasonschneider%40gmail.com
ooliver@hotmail.com,Maria Beard,https://api.qrserver.com/v1/create-qr-code/?size=300x300&data=Maria+Beard+%7C+ooliver%40hotmail.com
jennifer31@hotmail.com,Angela Morris,https://api.qrserver.com/v1/create-qr-code/?size=300x300&data=Angela+Morris+%7C+jennifer31%40hotmail.com
cynthiagarcia@gmail.com,Johnny Odonnell,https://api.qrserver.com/v1/create-qr-code/?size=300x300&data=Johnny+Odonnell+%7C+cynthiagarcia%40gmail.com
david09@yahoo.com,Pamela Kennedy,https://api.qrserver.com/v1/create-qr-code/?size=300x300&data=Pamela+Kennedy+%7C+david09%40yahoo.com
mitchellgregory@yahoo.com,Scott Simpson,https://api.qrserver.com/v1/create-qr-code/?size=300x300&data=Scott+Simpson+%7C+mitchellgregory%40yahoo.com
bgarcia@yahoo.com,Tara Reid,https://api.qrserver.com/v1/create-qr-code/?size=300x300&data=Tara+Reid+%7C+bgarcia%40yahoo.com
wstanley@hotmail.com,Joshua Finley,https://api.qrserver.com/v1/create-qr-code/?size=300x300&data=Joshua+Finley+%7C+wstanley%40hotmail.com
ulang@yahoo.com,Robert Wilson,https://api.qrserver.com/v1/create-qr-code/?size=300x300&data=Robert+Wilson+%7C+ulang%40yahoo.com
mullinsrachel@hotmail.com,Jennifer Frazier,https://api.qrserver.com/v1/create-qr-code/?size=300x300&data=Jennifer+Frazier+%7C+mullinsrachel%40hotmail.com
williamscarlos@hotmail.com,Paige Tapia,https://api.qrserver.com/v1/create-qr-code/?size=300x300&data=Paige+Tapia+%7C+williamscarlos%40hotmail.com
vdaniels@gmail.com,April Adams,https://api.qrserver.com/v1/create-qr-code/?size=300x300&data=April+Adams+%7C+vdaniels%40gmail.com
kpennington@yahoo.com,Emily Bennett,https://api.qrserver.com/v1/create-qr-code/?size=300x300&data=Emily+Bennett+%7C+kpennington%40yahoo.com
wjohnson@yahoo.com,Robin Graves,https://api.qrserver.com/v1/create-qr-code/?size=300x300&data=Robin+Graves+%7C+wjohnson%40yahoo.com
garciavernon@yahoo.com,Lisa Smith,https://api.qrserver.com/v1/create-qr-code/?size=300x300&data=Lisa+Smith+%7C+garciavernon%40yahoo.com
gonzalezkimberly@yahoo.com,Bradley Gonzalez,https://api.qrserver.com/v1/create-qr-code/?size=300x300&data=Bradley+Gonzalez+%7C+gonzalezkimberly%40yahoo.com
mkline@gmail.com,Lindsey Ellis,https://api.qrserver.com/v1/create-qr-code/?size=300x300&data=Lindsey+Ellis+%7C+mkline%40gmail.com
calebwilliamson@yahoo.com,Joseph Estrada,https://api.qrserver.com/v1/create-qr-code/?size=300x300&data=Joseph+Estrada+%7C+calebwilliamson%40yahoo.com
carrollmolly@gmail.com,Andrea Smith,https://api.qrserver.com/v1/create-qr-code/?size=300x300&data=Andrea+Smith+%7C+carrollmolly%40gmail.com
joshua52@gmail.com,Richard Harrison,https://api.qrserver.com/v1/create-qr-code/?size=300x300&data=Richard+Harrison+%7C+joshua52%40gmail.com
brian21@gmail.com,Heather Barnes,https://api.qrserver.com/v1/create-qr-code/?size=300x300&data=Heather+Barnes+%7C+brian21%40gmail.com
gabriellecherry@hotmail.com,Crystal Hunter,https://api.qrserver.com/v1/create-qr-code/?size=300x300&data=Crystal+Hunter+%7C+gabriellecherry%40hotmail.com
ronaldferrell@gmail.com,Melissa Mejia,https://api.qrserver.com/v1/create-qr-code/?size=300x300&data=Melissa+Mejia+%7C+ronaldferrell%40gmail.com
linda84@hotmail.com,Ashlee Hooper,https://api.qrserver.com/v1/create-qr-code/?size=300x300&data=Ashlee+Hooper+%7C+linda84%40hotmail.com
jevans@yahoo.com,Dr. James Porter,https://api.qrserver.com/v1/create-qr-code/?size=300x300&data=Dr.+James+Porter+%7C+jevans%40yahoo.com
alanroberts@gmail.com,Kayla Torres,https://api.qrserver.com/v1/create-qr-code/?size=300x300&data=Kayla+Torres+%7C+alanroberts%40gmail.com
williamskatherine@gmail.com,Jessica Allen,https://api.qrserver.com/v1/create-qr-code/?size=300x300&data=Jessica+Allen+%7C+williamskatherine%40gmail.com
michael37@hotmail.com,Darlene Sanchez,https://api.qrserver.com/v1/create-qr-code/?size=300x300&data=Darlene+Sanchez+%7C+michael37%40hotmail.com
bking@hotmail.com,Michael Rodriguez,https://api.qrserver.com/v1/create-qr-code/?size=300x300&data=Michael+Rodriguez+%7C+bking%40hotmail.com
laura02@hotmail.com,Mark Young,https://api.qrserver.com/v1/create-qr-code/?size=300x300&data=Mark+Young+%7C+laura02%40hotmail.com
velazquezzachary@hotmail.com,Richard Hughes,https://api.qrserver.com/v1/create-qr-code/?size=300x300&data=Richard+Hughes+%7C+velazquezzachary%40hotmail.com
annettekim@gmail.com,Alexander Sanchez,https://api.qrserver.com/v1/create-qr-code/?size=300x300&data=Alexander+Sanchez+%7C+annettekim%40gmail.com
jason20@hotmail.com,John Drake,https://api.qrserver.com/v1/create-qr-code/?size=300x300&data=John+Drake+%7C+jason20%40hotmail.com
james50@gmail.com,Jacob Cross,https://api.qrserver.com/v1/create-qr-code/?size=300x300&data=Jacob+Cross+%7C+james50%40gmail.com
eortega@yahoo.com,Lisa Ryan,https://api.qrserver.com/v1/create-qr-code/?size=300x300&data=Lisa+Ryan+%7C+eortega%40yahoo.com
ortizcorey@yahoo.com,Timothy Garcia,https://api.qrserver.com/v1/create-qr-code/?size=300x300&data=Timothy+Garcia+%7C+ortizcorey%40yahoo.com
christopher45@hotmail.com,Nicholas Nguyen,https://api.qrserver.com/v1/create-qr-code/?size=300x300&data=Nicholas+Nguyen+%7C+christopher45%40hotmail.com
jeanette25@hotmail.com,Dr. Sarah Sims,https://api.qrserver.com/v1/create-qr-code/?size=300x300&data=Dr.+Sarah+Sims+%7C+jeanette25%40hotmail.com
jennifer53@hotmail.com,Paul Fitzpatrick,https://api.qrserver.com/v1/create-qr-code/?size=300x300&data=Paul+Fitzpatrick+%7C+jennifer53%40hotmail.com
sara53@yahoo.com,Laura Jones,https://api.qrserver.com/v1/create-qr-code/?size=300x300&data=Laura+Jones+%7C+sara53%40yahoo.com
james87@yahoo.com,Charles Phillips,https://api.qrserver.com/v1/create-qr-code/?size=300x300&data=Charles+Phillips+%7C+james87%40yahoo.com
hortonanna@yahoo.com,Melinda Lawrence,https://api.qrserver.com/v1/create-qr-code/?size=300x300&data=Melinda+Lawrence+%7C+hortonanna%40yahoo.com
nicolecruz@gmail.com,Jillian Allen,https://api.qrserver.com/v1/create-qr-code/?size=300x300&data=Jillian+Allen+%7C+nicolecruz%40gmail.com
melissa54@yahoo.com,Marie Lowery,https://api.qrserver.com/v1/create-qr-code/?size=300x300&data=Marie+Lowery+%7C+melissa54%40yahoo.com
brendamunoz@hotmail.com,James Herrera,https://api.qrserver.com/v1/create-qr-code/?size=300x300&data=James+Herrera+%7C+brendamunoz%40hotmail.com
holly06@yahoo.com,Amber Sullivan,https://api.qrserver.com/v1/create-qr-code/?size=300x300&data=Amber+Sullivan+%7C+holly06%40yahoo.com
stricklanderika@gmail.com,Alex Joseph,https://api.qrserver.com/v1/create-qr-code/?size=300x300&data=Alex+Joseph+%7C+stricklanderika%40gmail.com
williamyang@yahoo.com,Gregory Richardson,https://api.qrserver.com/v1/create-qr-code/?size=300x300&data=Gregory+Richardson+%7C+williamyang%40yahoo.com
osbornesusan@gmail.com,Margaret Ford,https://api.qrserver.com/v1/create-qr-code/?size=300x300&data=Margaret+Ford+%7C+osbornesusan%40gmail.com
pricejames@hotmail.com,Jennifer Boyd,https://api.qrserver.com/v1/create-qr-code/?size=300x300&data=Jennifer+Boyd+%7C+pricejames%40hotmail.com
shawkaren@hotmail.com,Toni Alvarado,https://api.qrserver.com/v1/create-qr-code/?size=300x300&data=Toni+Alvarado+%7C+shawkaren%40hotmail.com
donald97@hotmail.com,David Taylor,https://api.qrserver.com/v1/create-qr-code/?size=300x300&data=David+Taylor+%7C+donald97%40hotmail.com
wilkersonlisa@hotmail.com,Mark Ferguson,https://api.qrserver.com/v1/create-qr-code/?size=300x300&data=Mark+Ferguson+%7C+wilkersonlisa%40hotmail.com
nnguyen@yahoo.com,Richard Cameron,https://api.qrserver.com/v1/create-qr-code/?size=300x300&data=Richard+Cameron+%7C+nnguyen%40yahoo.com
craigmartin@hotmail.com,Brittany Mcknight,https://api.qrserver.com/v1/create-qr-code/?size=300x300&data=Brittany+Mcknight+%7C+craigmartin%40hotmail.com
harrislydia@gmail.com,Bethany Campbell,https://api.qrserver.com/v1/create-qr-code/?size=300x300&data=Bethany+Campbell+%7C+harrislydia%40gmail.com
sandralee@hotmail.com,James Hunt,https://api.qrserver.com/v1/create-qr-code/?size=300x300&data=James+Hunt+%7C+sandralee%40hotmail.com
jeremy26@gmail.com,Erica Melendez,https://api.qrserver.com/v1/create-qr-code/?size=300x300&data=Erica+Melendez+%7C+jeremy26%40gmail.com
stevenschwartz@yahoo.com,Brandy Ward,https://api.qrserver.com/v1/create-qr-code/?size=300x300&data=Brandy+Ward+%7C+stevenschwartz%40yahoo.com
oscott@yahoo.com,Nicole Coffey,https://api.qrserver.com/v1/create-qr-code/?size=300x300&data=Nicole+Coffey+%7C+oscott%40yahoo.com
jacksonmichael@hotmail.com,Dawn Andrade,https://api.qrserver.com/v1/create-qr-code/?size=300x300&data=Dawn+Andrade+%7C+jacksonmichael%40hotmail.com
wendy43@hotmail.com,Jennifer Schultz,https://api.qrserver.com/v1/create-qr-code/?size=300x300&data=Jennifer+Schultz+%7C+wendy43%40hotmail.com
jsmith@hotmail.com,Megan Gregory,https://api.qrserver.com/v1/create-qr-code/?size=300x300&data=Megan+Gregory+%7C+jsmith%40hotmail.com
robertobrien@yahoo.com,Luis Duncan,https://api.qrserver.com/v1/create-qr-code/?size=300x300&data=Luis+Duncan+%7C+robertobrien%40yahoo.com
ipeterson@hotmail.com,Stacey Johnson,https://api.qrserver.com/v1/create-qr-code/?size=300x300&data=Stacey+Johnson+%7C+ipeterson%40hotmail.com
hbernard@yahoo.com,Jenna Price,https://api.qrserver.com/v1/create-qr-code/?size=300x300&data=Jenna+Price+%7C+hbernard%40yahoo.com
derrickkim@hotmail.com,Matthew Davis,https://api.qrserver.com/v1/create-qr-code/?size=300x300&data=Matthew+Davis+%7C+derrickkim%40hotmail.com
lucasjamie@hotmail.com,Erik Williams,https://api.qrserver.com/v1/create-qr-code/?size=300x300&data=Erik+Williams+%7C+lucasjamie%40hotmail.com
lesliebridges@hotmail.com,Dorothy Torres,https://api.qrserver.com/v1/create-qr-code/?size=300x300&data=Dorothy+Torres+%7C+lesliebridges%40hotmail.com
veronicamathis@hotmail.com,Donald Robinson,https://api.qrserver.com/v1/create-qr-code/?size=300x300&data=Donald+Robinson+%7C+veronicamathis%40hotmail.com
yjackson@hotmail.com,Carolyn Crosby,https://api.qrserver.com/v1/create-qr-code/?size=300x300&data=Carolyn+Crosby+%7C+yjackson%40hotmail.com
vanderson@hotmail.com,Charles Parrish,https://api.qrserver.com/v1/create-qr-code/?size=300x300&data=Charles+Parrish+%7C+vanderson%40hotmail.com
micheal21@hotmail.com,Michael Cantrell,https://api.qrserver.com/v1/create-qr-code/?size=300x300&data=Michael+Cantrell+%7C+micheal21%40hotmail.com
anthony32@yahoo.com,Donna Roberts,https://api.qrserver.com/v1/create-qr-code/?size=300x300&data=Donna+Roberts+%7C+anthony32%40yahoo.com
fosterrobert@yahoo.com,Amanda Moore,https://api.qrserver.com/v1/create-qr-code/?size=300x300&data=Amanda+Moore+%7C+fosterrobert%40yahoo.com
michaelcole@hotmail.com,Paul Williams,https://api.qrserver.com/v1/create-qr-code/?size=300x300&data=Paul+Williams+%7C+michaelcole%40hotmail.com
katelynvilla@hotmail.com,David Martinez,https://api.qrserver.com/v1/create-qr-code/?size=300x300&data=David+Martinez+%7C+katelynvilla%40hotmail.com
gentrykimberly@yahoo.com,Lance Fowler,https://api.qrserver.com/v1/create-qr-code/?size=300x300&data=Lance+Fowler+%7C+gentrykimberly%40yahoo.com
vargasmegan@gmail.com,Ana Gill,https://api.qrserver.com/v1/create-qr-code/?size=300x300&data=Ana+Gill+%7C+vargasmegan%40gmail.com
christopher97@hotmail.com,Ashley Hess,https://api.qrserver.com/v1/create-qr-code/?size=300x300&data=Ashley+Hess+%7C+christopher97%40hotmail.com
andrea02@gmail.com,Jorge Mcconnell,https://api.qrserver.com/v1/create-qr-code/?size=300x300&data=Jorge+Mcconnell+%7C+andrea02%40gmail.com
garzajonathan@yahoo.com,Jacqueline Page,https://api.qrserver.com/v1/create-qr-code/?size=300x300&data=Jacqueline+Page+%7C+garzajonathan%40yahoo.com
beth61@gmail.com,Chad Lewis,https://api.qrserver.com/v1/create-qr-code/?size=300x300&data=Chad+Lewis+%7C+beth61%40gmail.com
steven35@hotmail.com,Doris Wright,https://api.qrserver.com/v1/create-qr-code/?size=300x300&data=Doris+Wright+%7C+steven35%40hotmail.com
brandon19@hotmail.com,Joseph Bright,https://api.qrserver.com/v1/create-qr-code/?size=300x300&data=Joseph+Bright+%7C+brandon19%40hotmail.com
ktaylor@gmail.com,Maria Conner,https://api.qrserver.com/v1/create-qr-code/?size=300x300&data=Maria+Conner+%7C+ktaylor%40gmail.com
smithricky@hotmail.com,Brittany Schmidt,https://api.qrserver.com/v1/create-qr-code/?size=300x300&data=Brittany+Schmidt+%7C+smithricky%40hotmail.com
gallen@hotmail.com,Lawrence Spencer,https://api.qrserver.com/v1/create-qr-code/?size=300x300&data=Lawrence+Spencer+%7C+gallen%40hotmail.com
coxrandy@gmail.com,Alex Harris,https://api.qrserver.com/v1/create-qr-code/?size=300x300&data=Alex+Harris+%7C+coxrandy%40gmail.com
ndunn@hotmail.com,Lisa Sexton,https://api.qrserver.com/v1/create-qr-code/?size=300x300&data=Lisa+Sexton+%7C+ndunn%40hotmail.com
ibruce@gmail.com,Janice Hendrix,https://api.qrserver.com/v1/create-qr-code/?size=300x300&data=Janice+Hendrix+%7C+ibruce%40gmail.com
powellcarlos@yahoo.com,John Harris,https://api.qrserver.com/v1/create-qr-code/?size=300x300&data=John+Harris+%7C+powellcarlos%40yahoo.com
kelly65@hotmail.com,Nicole Long,https://api.qrserver.com/v1/create-qr-code/?size=300x300&data=Nicole+Long+%7C+kelly65%40hotmail.com
harrisjason@yahoo.com,Amanda Evans,https://api.qrserver.com/v1/create-qr-code/?size=300x300&data=Amanda+Evans+%7C+harrisjason%40yahoo.com
savannah34@hotmail.com,Anne Long,https://api.qrserver.com/v1/create-qr-code/?size=300x300&data=Anne+Long+%7C+savannah34%40hotmail.com
crystaljoyce@gmail.com,Danielle Chang,https://api.qrserver.com/v1/create-qr-code/?size=300x300&data=Danielle+Chang+%7C+crystaljoyce%40gmail.com
ineal@yahoo.com,Brenda Nguyen,https://api.qrserver.com/v1/create-qr-code/?size=300x300&data=Brenda+Nguyen+%7C+ineal%40yahoo.com
stevenweeks@hotmail.com,Todd Porter,https://api.qrserver.com/v1/create-qr-code/?size=300x300&data=Todd+Porter+%7C+stevenweeks%40hotmail.com
johnsonraven@yahoo.com,Susan Mooney,https://api.qrserver.com/v1/create-qr-code/?size=300x300&data=Susan+Mooney+%7C+johnsonraven%40yahoo.com
patricia36@yahoo.com,Kevin Lowery,https://api.qrserver.com/v1/create-qr-code/?size=300x300&data=Kevin+Lowery+%7C+patricia36%40yahoo.com
william99@gmail.com,Cynthia Barnes,https://api.qrserver.com/v1/create-qr-code/?size=300x300&data=Cynthia+Barnes+%7C+william99%40gmail.com
vargasjacob@yahoo.com,Tracy Davis,https://api.qrserver.com/v1/create-qr-code/?size=300x300&data=Tracy+Davis+%7C+vargasjacob%40yahoo.com
anthony77@hotmail.com,Mariah Taylor,https://api.qrserver.com/v1/create-qr-code/?size=300x300&data=Mariah+Taylor+%7C+anthony77%40hotmail.com
wayne94@hotmail.com,Daniel Montgomery,https://api.qrserver.com/v1/create-qr-code/?size=300x300&data=Daniel+Montgomery+%7C+wayne94%40hotmail.com
leahpayne@hotmail.com,Lauren Jones,https://api.qrserver.com/v1/create-qr-code/?size=300x300&data=Lauren+Jones+%7C+leahpayne%40hotmail.com
englishbryan@yahoo.com,Luke Williams,https://api.qrserver.com/v1/create-qr-code/?size=300x300&data=Luke+Williams+%7C+englishbryan%40yahoo.com
gonzalezmonica@yahoo.com,Danny Wilkins,https://api.qrserver.com/v1/create-qr-code/?size=300x300&data=Danny+Wilkins+%7C+gonzalezmonica%40yahoo.com
rhodesmichael@gmail.com,Jordan Joseph,https://api.qrserver.com/v1/create-qr-code/?size=300x300&data=Jordan+Joseph+%7C+rhodesmichael%40gmail.com
jeffreyjohnson@hotmail.com,Dawn Richard,https://api.qrserver.com/v1/create-qr-code/?size=300x300&data=Dawn+Richard+%7C+jeffreyjohnson%40hotmail.com
hendersoncorey@yahoo.com,Shannon Clark,https://api.qrserver.com/v1/create-qr-code/?size=300x300&data=Shannon+Clark+%7C+hendersoncorey%40yahoo.com
thomasteresa@yahoo.com,Megan West,https://api.qrserver.com/v1/create-qr-code/?size=300x300&data=Megan+West+%7C+thomasteresa%40yahoo.com
matthew67@gmail.com,Ashley West,https://api.qrserver.com/v1/create-qr-code/?size=300x300&data=Ashley+West+%7C+matthew67%40gmail.com
dakotakerr@yahoo.com,Donald Martinez,https://api.qrserver.com/v1/create-qr-code/?size=300x300&data=Donald+Martinez+%7C+dakotakerr%40yahoo.com
zdouglas@gmail.com,Henry Townsend,https://api.qrserver.com/v1/create-qr-code/?size=300x300&data=Henry+Townsend+%7C+zdouglas%40gmail.com
davidhumphrey@hotmail.com,Scott Wilson,https://api.qrserver.com/v1/create-qr-code/?size=300x300&data=Scott+Wilson+%7C+davidhumphrey%40hotmail.com
jenniferhaas@yahoo.com,Matthew Brown,https://api.qrserver.com/v1/create-qr-code/?size=300x300&data=Matthew+Brown+%7C+jenniferhaas%40yahoo.com
victoriaarnold@hotmail.com,Mitchell Hahn,https://api.qrserver.com/v1/create-qr-code/?size=300x300&data=Mitchell+Hahn+%7C+victoriaarnold%40hotmail.com
robert14@yahoo.com,David Walker,https://api.qrserver.com/v1/create-qr-code/?size=300x300&data=David+Walker+%7C+robert14%40yahoo.com
simmonsmark@yahoo.com,William Ross,https://api.qrserver.com/v1/create-qr-code/?size=300x300&data=William+Ross+%7C+simmonsmark%40yahoo.com
palmertracy@gmail.com,Sarah Carney,https://api.qrserver.com/v1/create-qr-code/?size=300x300&data=Sarah+Carney+%7C+palmertracy%40gmail.com
ecallahan@hotmail.com,Derek Oliver,https://api.qrserver.com/v1/create-qr-code/?size=300x300&data=Derek+Oliver+%7C+ecallahan%40hotmail.com
caitlin61@hotmail.com,Erik Harris DDS,https://api.qrserver.com/v1/create-qr-code/?size=300x300&data=Erik+Harris+DDS+%7C+caitlin61%40hotmail.com
nicolekelly@hotmail.com,Tommy Johnson,https://api.qrserver.com/v1/create-qr-code/?size=300x300&data=Tommy+Johnson+%7C+nicolekelly%40hotmail.com
kimberly39@hotmail.com,Steven Waller,https://api.qrserver.com/v1/create-qr-code/?size=300x300&data=Steven+Waller+%7C+kimberly39%40hotmail.com
todd01@gmail.com,Ann Guerrero,https://api.qrserver.com/v1/create-qr-code/?size=300x300&data=Ann+Guerrero+%7C+todd01%40gmail.com
derrick35@yahoo.com,Rachel Anderson,https://api.qrserver.com/v1/create-qr-code/?size=300x300&data=Rachel+Anderson+%7C+derrick35%40yahoo.com
chavezcarrie@hotmail.com,Miguel Lopez,https://api.qrserver.com/v1/create-qr-code/?size=300x300&data=Miguel+Lopez+%7C+chavezcarrie%40hotmail.com
lorijones@yahoo.com,Kyle Page,https://api.qrserver.com/v1/create-qr-code/?size=300x300&data=Kyle+Page+%7C+lorijones%40yahoo.com
padillascott@hotmail.com,Kathleen Brock,https://api.qrserver.com/v1/create-qr-code/?size=300x300&data=Kathleen+Brock+%7C+padillascott%40hotmail.com
stephanievazquez@yahoo.com,Patricia Richardson,https://api.qrserver.com/v1/create-qr-code/?size=300x300&data=Patricia+Richardson+%7C+stephanievazquez%40yahoo.com
laurenroberts@hotmail.com,Richard Koch,https://api.qrserver.com/v1/create-qr-code/?size=300x300&data=Richard+Koch+%7C+laurenroberts%40hotmail.com
ymolina@yahoo.com,James Smith,https://api.qrserver.com/v1/create-qr-code/?size=300x300&data=James+Smith+%7C+ymolina%40yahoo.com
erinrodriguez@hotmail.com,Cheryl Douglas,https://api.qrserver.com/v1/create-qr-code/?size=300x300&data=Cheryl+Douglas+%7C+erinrodriguez%40hotmail.com
vjones@hotmail.com,Samuel Jones,https://api.qrserver.com/v1/create-qr-code/?size=300x300&data=Samuel+Jones+%7C+vjones%40hotmail.com
jeannejohnson@yahoo.com,Kevin Brady,https://api.qrserver.com/v1/create-qr-code/?size=300x300&data=Kevin+Brady+%7C+jeannejohnson%40yahoo.com
randolphryan@gmail.com,Christine Kennedy,https://api.qrserver.com/v1/create-qr-code/?size=300x300&data=Christine+Kennedy+%7C+randolphryan%40gmail.com
jasonnguyen@gmail.com,Kyle Wheeler,https://api.qrserver.com/v1/create-qr-code/?size=300x300&data=Kyle+Wheeler+%7C+jasonnguyen%40gmail.com
jklein@hotmail.com,Brandon Hernandez,https://api.qrserver.com/v1/create-qr-code/?size=300x300&data=Brandon+Hernandez+%7C+jklein%40hotmail.com
julie76@yahoo.com,Marcus Miller,https://api.qrserver.com/v1/create-qr-code/?size=300x300&data=Marcus+Miller+%7C+julie76%40yahoo.com
jessica36@hotmail.com,Elizabeth Calhoun,https://api.qrserver.com/v1/create-qr-code/?size=300x300&data=Elizabeth+Calhoun+%7C+jessica36%40hotmail.com
lindasmith@yahoo.com,Tyler Jones,https://api.qrserver.com/v1/create-qr-code/?size=300x300&data=Tyler+Jones+%7C+lindasmith%40yahoo.com
alexandrashelton@yahoo.com,Kimberly Morgan,https://api.qrserver.com/v1/create-qr-code/?size=300x300&data=Kimberly+Morgan+%7C+alexandrashelton%40yahoo.com
athompson@yahoo.com,Lisa Johnson,https://api.qrserver.com/v1/create-qr-code/?size=300x300&data=Lisa+Johnson+%7C+athompson%40yahoo.com
castrotammy@gmail.com,Johnny Montoya,https://api.qrserver.com/v1/create-qr-code/?size=300x300&data=Johnny+Montoya+%7C+castrotammy%40gmail.com
victorstafford@hotmail.com,Michael Jackson,https://api.qrserver.com/v1/create-qr-code/?size=300x300&data=Michael+Jackson+%7C+victorstafford%40hotmail.com
joshua07@yahoo.com,John Rowland,https://api.qrserver.com/v1/create-qr-code/?size=300x300&data=John+Rowland+%7C+joshua07%40yahoo.com
ycaldwell@gmail.com,Vanessa Joyce,https://api.qrserver.com/v1/create-qr-code/?size=300x300&data=Vanessa+Joyce+%7C+ycaldwell%40gmail.com
mary32@hotmail.com,Toni Gordon,https://api.qrserver.com/v1/create-qr-code/?size=300x300&data=Toni+Gordon+%7C+mary32%40hotmail.com
belinda03@yahoo.com,Aaron Thomas,https://api.qrserver.com/v1/create-qr-code/?size=300x300&data=Aaron+Thomas+%7C+belinda03%40yahoo.com
jamessmith@yahoo.com,Anthony Johnson,https://api.qrserver.com/v1/create-qr-code/?size=300x300&data=Anthony+Johnson+%7C+jamessmith%40yahoo.com
vancemichael@hotmail.com,Joshua Hayes,https://api.qrserver.com/v1/create-qr-code/?size=300x300&data=Joshua+Hayes+%7C+vancemichael%40hotmail.com
xmoyer@hotmail.com,Diana Chandler,https://api.qrserver.com/v1/create-qr-code/?size=300x300&data=Diana+Chandler+%7C+xmoyer%40hotmail.com
cherylcrawford@yahoo.com,Tonya Callahan,https://api.qrserver.com/v1/create-qr-code/?size=300x300&data=Tonya+Callahan+%7C+cherylcrawford%40yahoo.com
fwashington@gmail.com,Heidi Rowland,https://api.qrserver.com/v1/create-qr-code/?size=300x300&data=Heidi+Rowland+%7C+fwashington%40gmail.com
fwatson@yahoo.com,Yvette Owens,https://api.qrserver.com/v1/create-qr-code/?size=300x300&data=Yvette+Owens+%7C+fwatson%40yahoo.com
jacob46@gmail.com,Amanda Reed,https://api.qrserver.com/v1/create-qr-code/?size=300x300&data=Amanda+Reed+%7C+jacob46%40gmail.com
kochlindsay@gmail.com,Erin Hayes,https://api.qrserver.com/v1/create-qr-code/?size=300x300&data=Erin+Hayes+%7C+kochlindsay%40gmail.com
donald46@gmail.com,Matthew Carpenter,https://api.qrserver.com/v1/create-qr-code/?size=300x300&data=Matthew+Carpenter+%7C+donald46%40gmail.com
anna10@hotmail.com,Tiffany Gonzalez,https://api.qrserver.com/v1/create-qr-code/?size=300x300&data=Tiffany+Gonzalez+%7C+anna10%40hotmail.com
sarahbrown@yahoo.com,Melvin Ramos,https://api.qrserver.com/v1/create-qr-code/?size=300x300&data=Melvin+Ramos+%7C+sarahbrown%40yahoo.com
carolyn29@gmail.com,Yvonne Odom,https://api.qrserver.com/v1/create-qr-code/?size=300x300&data=Yvonne+Odom+%7C+carolyn29%40gmail.com
qjohnson@gmail.com,John Maldonado,https://api.qrserver.com/v1/create-qr-code/?size=300x300&data=John+Maldonado+%7C+qjohnson%40gmail.com
janice47@yahoo.com,Sherri Smith,https://api.qrserver.com/v1/create-qr-code/?size=300x300&data=Sherri+Smith+%7C+janice47%40yahoo.com
melissasmith@gmail.com,Hannah Richards DVM,https://api.qrserver.com/v1/create-qr-code/?size=300x300&data=Hannah+Richards+DVM+%7C+melissasmith%40gmail.com
brianramos@yahoo.com,Timothy Clarke,https://api.qrserver.com/v1/create-qr-code/?size=300x300&data=Timothy+Clarke+%7C+brianramos%40yahoo.com
amanda31@gmail.com,Gary Taylor,https://api.qrserver.com/v1/create-qr-code/?size=300x300&data=Gary+Taylor+%7C+amanda31%40gmail.com
lconley@hotmail.com,Carolyn Phillips,https://api.qrserver.com/v1/create-qr-code/?size=300x300&data=Carolyn+Phillips+%7C+lconley%40hotmail.com
nwoodard@yahoo.com,Kimberly Bradford,https://api.qrserver.com/v1/create-qr-code/?size=300x300&data=Kimberly+Bradford+%7C+nwoodard%40yahoo.com
rickanderson@hotmail.com,Timothy Valentine,https://api.qrserver.com/v1/create-qr-code/?size=300x300&data=Timothy+Valentine+%7C+rickanderson%40hotmail.com
juan83@gmail.com,Richard Beck,https://api.qrserver.com/v1/create-qr-code/?size=300x300&data=Richard+Beck+%7C+juan83%40gmail.com
zwilliams@yahoo.com,Samantha Cunningham,https://api.qrserver.com/v1/create-qr-code/?size=300x300&data=Samantha+Cunningham+%7C+zwilliams%40yahoo.com
ngriffin@gmail.com,Mrs. Sydney Collier,https://api.qrserver.com/v1/create-qr-code/?size=300x300&data=Mrs.+Sydney+Collier+%7C+ngriffin%40gmail.com
zgray@gmail.com,Christopher Beasley,https://api.qrserver.com/v1/create-qr-code/?size=300x300&data=Christopher+Beasley+%7C+zgray%40gmail.com
mitchellrobert@hotmail.com,Tammy Ross,https://api.qrserver.com/v1/create-qr-code/?size=300x300&data=Tammy+Ross+%7C+mitchellrobert%40hotmail.com
prestoncook@yahoo.com,Kevin Jimenez,https://api.qrserver.com/v1/create-qr-code/?size=300x300&data=Kevin+Jimenez+%7C+prestoncook%40yahoo.com
kcoffey@hotmail.com,Luke Snyder,https://api.qrserver.com/v1/create-qr-code/?size=300x300&data=Luke+Snyder+%7C+kcoffey%40hotmail.com
alyssa88@yahoo.com,Robin Sparks,https://api.qrserver.com/v1/create-qr-code/?size=300x300&data=Robin+Sparks+%7C+alyssa88%40yahoo.com
lgriffin@yahoo.com,Christopher Walls,https://api.qrserver.com/v1/create-qr-code/?size=300x300&data=Christopher+Walls+%7C+lgriffin%40yahoo.com
cfinley@hotmail.com,Bruce Hunter,https://api.qrserver.com/v1/create-qr-code/?size=300x300&data=Bruce+Hunter+%7C+cfinley%40hotmail.com
hatfieldbrandy@gmail.com,Kellie Carter,https://api.qrserver.com/v1/create-qr-code/?size=300x300&data=Kellie+Carter+%7C+hatfieldbrandy%40gmail.com
harrisrebecca@gmail.com,Jorge Walker,https://api.qrserver.com/v1/create-qr-code/?size=300x300&data=Jorge+Walker+%7C+harrisrebecca%40gmail.com
jenna59@hotmail.com,Christina Robinson,https://api.qrserver.com/v1/create-qr-code/?size=300x300&data=Christina+Robinson+%7C+jenna59%40hotmail.com
manuelcline@hotmail.com,Derrick Jackson,https://api.qrserver.com/v1/create-qr-code/?size=300x300&data=Derrick+Jackson+%7C+manuelcline%40hotmail.com
osbornelance@yahoo.com,Jennifer Wilson,https://api.qrserver.com/v1/create-qr-code/?size=300x300&data=Jennifer+Wilson+%7C+osbornelance%40yahoo.com
floresbrianna@gmail.com,Jeremy Hall,https://api.qrserver.com/v1/create-qr-code/?size=300x300&data=Jeremy+Hall+%7C+floresbrianna%40gmail.com
billy98@gmail.com,Kimberly Stevens,https://api.qrserver.com/v1/create-qr-code/?size=300x300&data=Kimberly+Stevens+%7C+billy98%40gmail.com
davidblack@hotmail.com,Rachel Benjamin,https://api.qrserver.com/v1/create-qr-code/?size=300x300&data=Rachel+Benjamin+%7C+davidblack%40hotmail.com
ashley33@hotmail.com,Shannon Patterson,https://api.qrserver.com/v1/create-qr-code/?size=300x300&data=Shannon+Patterson+%7C+ashley33%40hotmail.com
roberto80@yahoo.com,Tina Contreras,https://api.qrserver.com/v1/create-qr-code/?size=300x300&data=Tina+Contreras+%7C+roberto80%40yahoo.com
steve65@hotmail.com,Tracey Williams,https://api.qrserver.com/v1/create-qr-code/?size=300x300&data=Tracey+Williams+%7C+steve65%40hotmail.com
floydantonio@yahoo.com,Sarah Hart,https://api.qrserver.com/v1/create-qr-code/?size=300x300&data=Sarah+Hart+%7C+floydantonio%40yahoo.com
nicholas60@yahoo.com,Gabriel Cooper,https://api.qrserver.com/v1/create-qr-code/?size=300x300&data=Gabriel+Cooper+%7C+nicholas60%40yahoo.com
richardsims@hotmail.com,Elizabeth Lee,https://api.qrserver.com/v1/create-qr-code/?size=300x300&data=Elizabeth+Lee+%7C+richardsims%40hotmail.com
andrewmartinez@gmail.com,Roy Townsend,https://api.qrserver.com/v1/create-qr-code/?size=300x300&data=Roy+Townsend+%7C+andrewmartinez%40gmail.com
karen83@hotmail.com,Donna Collins,https://api.qrserver.com/v1/create-qr-code/?size=300x300&data=Donna+Collins+%7C+karen83%40hotmail.com
emiller@hotmail.com,Emily Elliott,https://api.qrserver.com/v1/create-qr-code/?size=300x300&data=Emily+Elliott+%7C+emiller%40hotmail.com
andrew94@gmail.com,Ann Castillo,https://api.qrserver.com/v1/create-qr-code/?size=300x300&data=Ann+Castillo+%7C+andrew94%40gmail.com
lawrencecatherine@gmail.com,Caleb Griffin,https://api.qrserver.com/v1/create-qr-code/?size=300x300&data=Caleb+Griffin+%7C+lawrencecatherine%40gmail.com
snydermallory@hotmail.com,Jennifer Blevins,https://api.qrserver.com/v1/create-qr-code/?size=300x300&data=Jennifer+Blevins+%7C+snydermallory%40hotmail.com
davidtorres@yahoo.com,Robin Mcdaniel,https://api.qrserver.com/v1/create-qr-code/?size=300x300&data=Robin+Mcdaniel+%7C+davidtorres%40yahoo.com
oconnellbrenda@yahoo.com,Peggy Short MD,https://api.qrserver.com/v1/create-qr-code/?size=300x300&data=Peggy+Short+MD+%7C+oconnellbrenda%40yahoo.com
jesusrusso@yahoo.com,David Wilson,https://api.qrserver.com/v1/create-qr-code/?size=300x300&data=David+Wilson+%7C+jesusrusso%40yahoo.com
carrie52@yahoo.com,Jessica Sanders,https://api.qrserver.com/v1/create-qr-code/?size=300x300&data=Jessica+Sanders+%7C+carrie52%40yahoo.com
zclark@hotmail.com,John Dawson,https://api.qrserver.com/v1/create-qr-code/?size=300x300&data=John+Dawson+%7C+zclark%40hotmail.com
millerjohn@gmail.com,Stephanie Kramer,https://api.qrserver.com/v1/create-qr-code/?size=300x300&data=Stephanie+Kramer+%7C+millerjohn%40gmail.com
anthonythompson@yahoo.com,David Alvarez,https://api.qrserver.com/v1/create-qr-code/?size=300x300&data=David+Alvarez+%7C+anthonythompson%40yahoo.com
scampbell@yahoo.com,Aaron Barnes,https://api.qrserver.com/v1/create-qr-code/?size=300x300&data=Aaron+Barnes+%7C+scampbell%40yahoo.com
pvalenzuela@yahoo.com,Dale Conley,https://api.qrserver.com/v1/create-qr-code/?size=300x300&data=Dale+Conley+%7C+pvalenzuela%40yahoo.com
paige84@hotmail.com,Barbara Montoya,https://api.qrserver.com/v1/create-qr-code/?size=300x300&data=Barbara+Montoya+%7C+paige84%40hotmail.com
wilsonandrew@yahoo.com,Julia Reyes,https://api.qrserver.com/v1/create-qr-code/?size=300x300&data=Julia+Reyes+%7C+wilsonandrew%40yahoo.com
albertsmall@yahoo.com,Paul Olsen,https://api.qrserver.com/v1/create-qr-code/?size=300x300&data=Paul+Olsen+%7C+albertsmall%40yahoo.com
wsoto@gmail.com,Carrie Kelley,https://api.qrserver.com/v1/create-qr-code/?size=300x300&data=Carrie+Kelley+%7C+wsoto%40gmail.com
qjones@yahoo.com,Kelsey Davis,https://api.qrserver.com/v1/create-qr-code/?size=300x300&data=Kelsey+Davis+%7C+qjones%40yahoo.com
lroberson@gmail.com,Paul Ross,https://api.qrserver.com/v1/create-qr-code/?size=300x300&data=Paul+Ross+%7C+lroberson%40gmail.com
paulwatson@yahoo.com,Mark Ward DDS,https://api.qrserver.com/v1/create-qr-code/?size=300x300&data=Mark+Ward+DDS+%7C+paulwatson%40yahoo.com
coxjordan@yahoo.com,Derrick Hernandez,https://api.qrserver.com/v1/create-qr-code/?size=300x300&data=Derrick+Hernandez+%7C+coxjordan%40yahoo.com
gparks@hotmail.com,Miranda Garrett,https://api.qrserver.com/v1/create-qr-code/?size=300x300&data=Miranda+Garrett+%7C+gparks%40hotmail.com
lynchdavid@gmail.com,Karen Long,https://api.qrserver.com/v1/create-qr-code/?size=300x300&data=Karen+Long+%7C+lynchdavid%40gmail.com
melissa43@yahoo.com,Jason Russell,https://api.qrserver.com/v1/create-qr-code/?size=300x300&data=Jason+Russell+%7C+melissa43%40yahoo.com
jerrywalker@gmail.com,Michael Edwards,https://api.qrserver.com/v1/create-qr-code/?size=300x300&data=Michael+Edwards+%7C+jerrywalker%40gmail.com
hpierce@gmail.com,Dr. James Hartman,https://api.qrserver.com/v1/create-qr-code/?size=300x300&data=Dr.+James+Hartman+%7C+hpierce%40gmail.com
bennettsteven@yahoo.com,Kimberly Cordova,https://api.qrserver.com/v1/create-qr-code/?size=300x300&data=Kimberly+Cordova+%7C+bennettsteven%40yahoo.com
sara46@hotmail.com,David Deleon,https://api.qrserver.com/v1/create-qr-code/?size=300x300&data=David+Deleon+%7C+sara46%40hotmail.com
glenn65@hotmail.com,Danny Mckee,https://api.qrserver.com/v1/create-qr-code/?size=300x300&data=Danny+Mckee+%7C+glenn65%40hotmail.com
albertdixon@yahoo.com,April Ross,https://api.qrserver.com/v1/create-qr-code/?size=300x300&data=April+Ross+%7C+albertdixon%40yahoo.com
wwilson@yahoo.com,Sean Stone,https://api.qrserver.com/v1/create-qr-code/?size=300x300&data=Sean+Stone+%7C+wwilson%40yahoo.com
jennifercampbell@yahoo.com,James Harding,https://api.qrserver.com/v1/create-qr-code/?size=300x300&data=James+Harding+%7C+jennifercampbell%40yahoo.com
cody27@hotmail.com,Keith Sanford,https://api.qrserver.com/v1/create-qr-code/?size=300x300&data=Keith+Sanford+%7C+cody27%40hotmail.com
scole@yahoo.com,Sandra Little,https://api.qrserver.com/v1/create-qr-code/?size=300x300&data=Sandra+Little+%7C+scole%40yahoo.com
jerrywilliams@yahoo.com,Jenny Hooper,https://api.qrserver.com/v1/create-qr-code/?size=300x300&data=Jenny+Hooper+%7C+jerrywilliams%40yahoo.com
jerry40@gmail.com,Zachary Barnes,https://api.qrserver.com/v1/create-qr-code/?size=300x300&data=Zachary+Barnes+%7C+jerry40%40gmail.com
melinda82@gmail.com,Miguel Thomas,https://api.qrserver.com/v1/create-qr-code/?size=300x300&data=Miguel+Thomas+%7C+melinda82%40gmail.com
ppatel@yahoo.com,Karen Barnes,https://api.qrserver.com/v1/create-qr-code/?size=300x300&data=Karen+Barnes+%7C+ppatel%40yahoo.com
snydermichael@gmail.com,Alyssa Norris,https://api.qrserver.com/v1/create-qr-code/?size=300x300&data=Alyssa+Norris+%7C+snydermichael%40gmail.com
iclark@yahoo.com,Kristina Duncan,https://api.qrserver.com/v1/create-qr-code/?size=300x300&data=Kristina+Duncan+%7C+iclark%40yahoo.com
mreynolds@hotmail.com,Cheryl Thompson,https://api.qrserver.com/v1/create-qr-code/?size=300x300&data=Cheryl+Thompson+%7C+mreynolds%40hotmail.com
katherine46@yahoo.com,Harry Williams,https://api.qrserver.com/v1/create-qr-code/?size=300x300&data=Harry+Williams+%7C+katherine46%40yahoo.com
hannahstewart@hotmail.com,Vanessa Lewis,https://api.qrserver.com/v1/create-qr-code/?size=300x300&data=Vanessa+Lewis+%7C+hannahstewart%40hotmail.com
stephaniehuerta@yahoo.com,Heather Thomas,https://api.qrserver.com/v1/create-qr-code/?size=300x300&data=Heather+Thomas+%7C+stephaniehuerta%40yahoo.com
melissa00@hotmail.com,Jane Reyes,https://api.qrserver.com/v1/create-qr-code/?size=300x300&data=Jane+Reyes+%7C+melissa00%40hotmail.com
brianbarr@gmail.com,Debbie Larsen,https://api.qrserver.com/v1/create-qr-code/?size=300x300&data=Debbie+Larsen+%7C+brianbarr%40gmail.com
jessicapierce@gmail.com,Kyle Adams,https://api.qrserver.com/v1/create-qr-code/?size=300x300&data=Kyle+Adams+%7C+jessicapierce%40gmail.com
jenniferpayne@hotmail.com,Kenneth Williams,https://api.qrserver.com/v1/create-qr-code/?size=300x300&data=Kenneth+Williams+%7C+jenniferpayne%40hotmail.com
melaniehoward@hotmail.com,Sean Pitts,https://api.qrserver.com/v1/create-qr-code/?size=300x300&data=Sean+Pitts+%7C+melaniehoward%40hotmail.com
pboyd@yahoo.com,Tony Garcia,https://api.qrserver.com/v1/create-qr-code/?size=300x300&data=Tony+Garcia+%7C+pboyd%40yahoo.com
pooleapril@gmail.com,Kristy Walton,https://api.qrserver.com/v1/create-qr-code/?size=300x300&data=Kristy+Walton+%7C+pooleapril%40gmail.com
nicholasdixon@hotmail.com,Andrea Stephens,https://api.qrserver.com/v1/create-qr-code/?size=300x300&data=Andrea+Stephens+%7C+nicholasdixon%40hotmail.com
mendezrebekah@gmail.com,James Smith,https://api.qrserver.com/v1/create-qr-code/?size=300x300&data=James+Smith+%7C+mendezrebekah%40gmail.com
lwebb@yahoo.com,Jack Smith,https://api.qrserver.com/v1/create-qr-code/?size=300x300&data=Jack+Smith+%7C+lwebb%40yahoo.com
pamelaharvey@yahoo.com,Karen Sutton,https://api.qrserver.com/v1/create-qr-code/?size=300x300&data=Karen+Sutton+%7C+pamelaharvey%40yahoo.com
esweeney@yahoo.com,Mia Fisher,https://api.qrserver.com/v1/create-qr-code/?size=300x300&data=Mia+Fisher+%7C+esweeney%40yahoo.com
masonjessica@yahoo.com,Diana Barnes,https://api.qrserver.com/v1/create-qr-code/?size=300x300&data=Diana+Barnes+%7C+masonjessica%40yahoo.com
pricesamuel@yahoo.com,Cynthia Garcia,https://api.qrserver.com/v1/create-qr-code/?size=300x300&data=Cynthia+Garcia+%7C+pricesamuel%40yahoo.com
latoya32@yahoo.com,Steven Thomas,https://api.qrserver.com/v1/create-qr-code/?size=300x300&data=Steven+Thomas+%7C+latoya32%40yahoo.com
jwaller@yahoo.com,Andrew Jones,https://api.qrserver.com/v1/create-qr-code/?size=300x300&data=Andrew+Jones+%7C+jwaller%40yahoo.com
judithwilliams@gmail.com,Holly Wilson,https://api.qrserver.com/v1/create-qr-code/?size=300x300&data=Holly+Wilson+%7C+judithwilliams%40gmail.com
ruthjohnson@yahoo.com,Angel Massey MD,https://api.qrserver.com/v1/create-qr-code/?size=300x300&data=Angel+Massey+MD+%7C+ruthjohnson%40yahoo.com
obrienjay@hotmail.com,Rebecca Howard,https://api.qrserver.com/v1/create-qr-code/?size=300x300&data=Rebecca+Howard+%7C+obrienjay%40hotmail.com
gonzalezjackie@gmail.com,Felicia Obrien,https://api.qrserver.com/v1/create-qr-code/?size=300x300&data=Felicia+Obrien+%7C+gonzalezjackie%40gmail.com
gjones@gmail.com,Tammy Espinoza,https://api.qrserver.com/v1/create-qr-code/?size=300x300&data=Tammy+Espinoza+%7C+gjones%40gmail.com
jasoncunningham@gmail.com,Kevin Parrish,https://api.qrserver.com/v1/create-qr-code/?size=300x300&data=Kevin+Parrish+%7C+jasoncunningham%40gmail.com
mark97@gmail.com,James Steele,https://api.qrserver.com/v1/create-qr-code/?size=300x300&data=James+Steele+%7C+mark97%40gmail.com
yhaley@yahoo.com,John Lester,https://api.qrserver.com/v1/create-qr-code/?size=300x300&data=John+Lester+%7C+yhaley%40yahoo.com
hannahhampton@hotmail.com,Amy Hooper,https://api.qrserver.com/v1/create-qr-code/?size=300x300&data=Amy+Hooper+%7C+hannahhampton%40hotmail.com
ashley77@yahoo.com,Jason Rodriguez,https://api.qrserver.com/v1/create-qr-code/?size=300x300&data=Jason+Rodriguez+%7C+ashley77%40yahoo.com
munozthomas@hotmail.com,Eric Jackson,https://api.qrserver.com/v1/create-qr-code/?size=300x300&data=Eric+Jackson+%7C+munozthomas%40hotmail.com
vasquezwilliam@gmail.com,Richard James,https://api.qrserver.com/v1/create-qr-code/?size=300x300&data=Richard+James+%7C+vasquezwilliam%40gmail.com
sharon38@hotmail.com,Kimberly Jones,https://api.qrserver.com/v1/create-qr-code/?size=300x300&data=Kimberly+Jones+%7C+sharon38%40hotmail.com
hcox@gmail.com,Jessica Davis,https://api.qrserver.com/v1/create-qr-code/?size=300x300&data=Jessica+Davis+%7C+hcox%40gmail.com
curtis25@yahoo.com,Nathaniel Lane,https://api.qrserver.com/v1/create-qr-code/?size=300x300&data=Nathaniel+Lane+%7C+curtis25%40yahoo.com
estevens@yahoo.com,Brianna Martin,https://api.qrserver.com/v1/create-qr-code/?size=300x300&data=Brianna+Martin+%7C+estevens%40yahoo.com
spatrick@gmail.com,Miss Amy Gross,https://api.qrserver.com/v1/create-qr-code/?size=300x300&data=Miss+Amy+Gross+%7C+spatrick%40gmail.com
rachel14@yahoo.com,Stephanie Nichols,https://api.qrserver.com/v1/create-qr-code/?size=300x300&data=Stephanie+Nichols+%7C+rachel14%40yahoo.com
josephvelasquez@gmail.com,Maria Estes,https://api.qrserver.com/v1/create-qr-code/?size=300x300&data=Maria+Estes+%7C+josephvelasquez%40gmail.com
whall@gmail.com,Teresa Wagner,https://api.qrserver.com/v1/create-qr-code/?size=300x300&data=Teresa+Wagner+%7C+whall%40gmail.com
scott16@hotmail.com,Aaron Ball,https://api.qrserver.com/v1/create-qr-code/?size=300x300&data=Aaron+Ball+%7C+scott16%40hotmail.com
cody86@gmail.com,Robert Martin,https://api.qrserver.com/v1/create-qr-code/?size=300x300&data=Robert+Martin+%7C+cody86%40gmail.com
james14@hotmail.com,Amanda Richards,https://api.qrserver.com/v1/create-qr-code/?size=300x300&data=Amanda+Richards+%7C+james14%40hotmail.com
kramertheodore@yahoo.com,Joel White,https://api.qrserver.com/v1/create-qr-code/?size=300x300&data=Joel+White+%7C+kramertheodore%40yahoo.com
ohansen@gmail.com,Elizabeth Dudley,https://api.qrserver.com/v1/create-qr-code/?size=300x300&data=Elizabeth+Dudley+%7C+ohansen%40gmail.com
tsimpson@gmail.com,Michael Carpenter,https://api.qrserver.com/v1/create-qr-code/?size=300x300&data=Michael+Carpenter+%7C+tsimpson%40gmail.com
cmacias@gmail.com,Jimmy Santos,https://api.qrserver.com/v1/create-qr-code/?size=300x300&data=Jimmy+Santos+%7C+cmacias%40gmail.com
brittanyrogers@gmail.com,Anthony Garner,https://api.qrserver.com/v1/create-qr-code/?size=300x300&data=Anthony+Garner+%7C+brittanyrogers%40gmail.com
diane86@hotmail.com,Courtney Bishop,https://api.qrserver.com/v1/create-qr-code/?size=300x300&data=Courtney+Bishop+%7C+diane86%40hotmail.com
afitzgerald@hotmail.com,Kerry Mendez,https://api.qrserver.com/v1/create-qr-code/?size=300x300&data=Kerry+Mendez+%7C+afitzgerald%40hotmail.com
christophersalas@gmail.com,Jennifer James,https://api.qrserver.com/v1/create-qr-code/?size=300x300&data=Jennifer+James+%7C+christophersalas%40gmail.com
lrobinson@yahoo.com,John White,https://api.qrserver.com/v1/create-qr-code/?size=300x300&data=John+White+%7C+lrobinson%40yahoo.com
martinezwilliam@gmail.com,Eric Huang,https://api.qrserver.com/v1/create-qr-code/?size=300x300&data=Eric+Huang+%7C+martinezwilliam%40gmail.com
williamsandrew@hotmail.com,Patricia Beasley,https://api.qrserver.com/v1/create-qr-code/?size=300x300&data=Patricia+Beasley+%7C+williamsandrew%40hotmail.com
ashleyreid@yahoo.com,Cameron Williams,https://api.qrserver.com/v1/create-qr-code/?size=300x300&data=Cameron+Williams+%7C+ashleyreid%40yahoo.com
lori83@hotmail.com,Robert Mendoza,https://api.qrserver.com/v1/create-qr-code/?size=300x300&data=Robert+Mendoza+%7C+lori83%40hotmail.com
hailey01@yahoo.com,Valerie Jackson,https://api.qrserver.com/v1/create-qr-code/?size=300x300&data=Valerie+Jackson+%7C+hailey01%40yahoo.com
guerraadrienne@gmail.com,Hannah Mays,https://api.qrserver.com/v1/create-qr-code/?size=300x300&data=Hannah+Mays+%7C+guerraadrienne%40gmail.com
christina33@hotmail.com,Penny Clark,https://api.qrserver.com/v1/create-qr-code/?size=300x300&data=Penny+Clark+%7C+christina33%40hotmail.com
sarah93@yahoo.com,Shannon Roberts,https://api.qrserver.com/v1/create-qr-code/?size=300x300&data=Shannon+Roberts+%7C+sarah93%40yahoo.com
nwhite@yahoo.com,Audrey Rodriguez,https://api.qrserver.com/v1/create-qr-code/?size=300x300&data=Audrey+Rodriguez+%7C+nwhite%40yahoo.com
vwilson@yahoo.com,Adam James,https://api.qrserver.com/v1/create-qr-code/?size=300x300&data=Adam+James+%7C+vwilson%40yahoo.com
cynthia37@yahoo.com,Gary Smith,https://api.qrserver.com/v1/create-qr-code/?size=300x300&data=Gary+Smith+%7C+cynthia37%40yahoo.com
mrodriguez@hotmail.com,Angela Davis,https://api.qrserver.com/v1/create-qr-code/?size=300x300&data=Angela+Davis+%7C+mrodriguez%40hotmail.com
ftanner@gmail.com,Jennifer Grant,https://api.qrserver.com/v1/create-qr-code/?size=300x300&data=Jennifer+Grant+%7C+ftanner%40gmail.com
sandra96@yahoo.com,Sara Cruz,https://api.qrserver.com/v1/create-qr-code/?size=300x300&data=Sara+Cruz+%7C+sandra96%40yahoo.com
snguyen@hotmail.com,Brandy Chavez,https://api.qrserver.com/v1/create-qr-code/?size=300x300&data=Brandy+Chavez+%7C+snguyen%40hotmail.com
emily56@gmail.com,Thomas Reid,https://api.qrserver.com/v1/create-qr-code/?size=300x300&data=Thomas+Reid+%7C+emily56%40gmail.com
jonjennings@yahoo.com,Nicholas Nguyen,https://api.qrserver.com/v1/create-qr-code/?size=300x300&data=Nicholas+Nguyen+%7C+jonjennings%40yahoo.com
derrickkirk@yahoo.com,Jenny Mann,https://api.qrserver.com/v1/create-qr-code/?size=300x300&data=Jenny+Mann+%7C+derrickkirk%40yahoo.com
georgerowe@hotmail.com,Jason Fox,https://api.qrserver.com/v1/create-qr-code/?size=300x300&data=Jason+Fox+%7C+georgerowe%40hotmail.com
shannon80@yahoo.com,Troy Schwartz,https://api.qrserver.com/v1/create-qr-code/?size=300x300&data=Troy+Schwartz+%7C+shannon80%40yahoo.com
georgedebbie@hotmail.com,Scott Black,https://api.qrserver.com/v1/create-qr-code/?size=300x300&data=Scott+Black+%7C+georgedebbie%40hotmail.com
victoriarodriguez@gmail.com,Janice Long,https://api.qrserver.com/v1/create-qr-code/?size=300x300&data=Janice+Long+%7C+victoriarodriguez%40gmail.com
carla14@yahoo.com,Danielle Huerta,https://api.qrserver.com/v1/create-qr-code/?size=300x300&data=Danielle+Huerta+%7C+carla14%40yahoo.com
wbrown@hotmail.com,John Fields,https://api.qrserver.com/v1/create-qr-code/?size=300x300&data=John+Fields+%7C+wbrown%40hotmail.com
mary53@gmail.com,Bailey Smith,https://api.qrserver.com/v1/create-qr-code/?size=300x300&data=Bailey+Smith+%7C+mary53%40gmail.com
